Id,Category
0,Bella Hadid
1,Bill O Reilly
2,Adrien Brody
3,Adriana Barraza
4,Albert Brooks
5,Aaron Taylor-Johnson
6,Amber Heard
7,Adele
8,Ava Gardner
9,Alex Pettyfer
10,Anna Faris
11,Anthony Perkins
12,Bill Hader
13,Barabara Palvin
14,Benjamin Bratt
15,Berenice Bejo
16,Alessandra Ambrosio
17,Alan Arkin
18,Adele
19,Anderson Cooper
20,Ashley Graham
21,Ashley Greene
22,Benedict Cumberbatch
23,Adele
24,Ashley Greene
25,Alan Rickman
26,Amanda Peet
27,Ben Johnson
28,Adele
29,Bill Rancic
30,Angela Bassett
31,Ava Gardner
32,Amy Adams
33,Al Pacino
34,Benedict Cumberbatch
35,Andreea Diaconu
36,Antonio Banderas
37,Ashton Kutcher
38,Anna Paquin
39,Alessandra Ambrosio
40,Bill O Reilly
41,bella thorne
42,Anderson Cooper
43,Anne Baxter
44,Adele
45,Amy Ryan
46,Barbra Streisand
47,Adele
48,Alan Arkin
49,Alessandra Ambrosio
50,Aaron Paul
51,Ava Gardner
52,Ben Stiller
53,Angelina Jolie
54,Berenice Bejo
55,Alice Eve
56,Adele
57,Andrew Lincoln
58,Bill O Reilly
59,Alec Baldwin
60,Anderson Cooper
61,Armin Mueller-Stahl
62,Audrey Tautou
63,Adele
64,Alec Baldwin
65,Adele
66,Andreea Diaconu
67,Adele
68,Alexandra Daddario
69,Adele
70,Albert Brooks
71,Art Carney
72,Analeigh Tipton
73,Adele
74,Ben Johnson
75,Ava Gardner
76,Adele
77,Annette Bening
78,Al Roker
79,Anna Friel
80,Amanda Crew
81,Andreea Diaconu
82,Abigail Breslin
83,Anna Kendrick
84,Alan Alda
85,Bill Daley
86,Adriana Lima
87,Angelina Jolie
88,Arnold Schwarzenegger
89,Anthony Mackie
90,Abigail Breslin
91,Benicio Del Toro
92,Amanda Seyfried
93,Ben Johnson
94,Alicia Vikander
95,Andy Murray
96,Amanda Crew
97,Ben Kingsley
98,Bill Daley
99,Amber Heard
100,Adriana Lima
101,Ben Affleck
102,Ashley Judd
103,Bette Midler
104,Ben Johnson
105,Adele
106,Anna Paquin
107,Barabara Palvin
108,Ashley Judd
109,Bill Daley
110,Bella Hadid
111,Amy Adams
112,Ben Johnson
113,Adele
114,Adele
115,Andrew Garfield
116,Bill Rancic
117,Adele
118,Anna Friel
119,Alexander Skarsgard
120,Anne Hathaway
121,Audrey Tautou
122,Aaron Paul
123,Alx James
124,Anthony Hopkins
125,Anne Bancroft
126,Arnold Schwarzenegger
127,Alice Eve
128,Berenice Bejo
129,Bill Paxton
130,Barbra Streisand
131,Anne Hathaway
132,Adele
133,Adele
134,Arnold Schwarzenegger
135,Adriana Barraza
136,Amanda Peet
137,Albert Finney
138,Andrew Garfield
139,Andreea Diaconu
140,Adele
141,Amber Heard
142,Annette Bening
143,AnnaSophia Robb
144,Alec Baldwin
145,bella thorne
146,Billy Bob Thornton
147,Berenice Bejo
148,Adele
149,Aaron Paul
150,Albert Finney
151,Aaron Taylor-Johnson
152,Billy Bob Thornton
153,Andrew Lincoln
154,Ben Johnson
155,Adele
156,Andrew Garfield
157,Bette Midler
158,Benicio Del Toro
159,Anna Friel
160,Anna Paquin
161,Albert Finney
162,Anna Faris
163,Alex Pettyfer
164,Adele
165,Amy Schumer
166,Adele
167,Andrew Garfield
168,Benicio Del Toro
169,Adrianne Palicki
170,Amanda Bynes
171,Adriana Barraza
172,Adele
173,Albert Finney
174,Beyonce Knowles
175,Anna Faris
176,AnnaSophia Robb
177,Amanda Seyfried
178,Anna Kendrick
179,Barbra Streisand
180,Anthony Hopkins
181,Adriana Barraza
182,Andrew Lincoln
183,Adele
184,Alexandra Daddario
185,Ben Affleck
186,Anthony Hopkins
187,bella thorne
188,Annette Bening
189,Andrew Garfield
190,Berenice Bejo
191,Amanda Bynes
192,Anjelica Huston
193,Anne Bancroft
194,Akemi Darenogare
195,Alexis Thorpe
196,Armin Mueller-Stahl
197,Andy Serkis
198,Adele
199,Audrey Hepburn
200,Ashley Greene
201,Annette Bening
202,Antonio Banderas
203,Alessandra Ambrosio
204,Ben Johnson
205,Adele
206,Bill Murray
207,Adele
208,Betty White
209,Benicio Del Toro
210,Adele
211,Billy Bob Thornton
212,Amanda Bynes
213,Adele
214,Aaron Paul
215,Andrew Luck
216,Amy Adams
217,Adele
218,Ben Stiller
219,Bill Pullman
220,Andy Murray
221,Abigail Breslin
222,Anthony Hopkins
223,Adele
224,Angelina Jolie
225,Aaron Judge
226,Anna Kendrick
227,Anna Kendrick
228,Adele
229,Anna Paquin
230,Albert Brooks
231,Antonio Banderas
232,Amy Schumer
233,Ben Stiller
234,Ava Gardner
235,Adele
236,Adrianne Palicki
237,Adriana Lima
238,Adele
239,bella thorne
240,Aaron Taylor-Johnson
241,Anthony Hopkins
242,Adele
243,Adele
244,Adele
245,Amanda Peet
246,Bill Murray
247,Aaron Taylor-Johnson
248,Andrew Luck
249,Benicio Del Toro
250,Adele
251,Arnold Schwarzenegger
252,Adele
253,Angelina Jolie
254,Ben Stiller
255,Benicio Del Toro
256,Alan Arkin
257,Ashley Graham
258,Andreea Diaconu
259,Anna Kendrick
260,Alexandra Daddario
261,Ashley Judd
262,Amber Heard
263,Ava Gardner
264,Ashley Greene
265,Andie MacDowell
266,Barabara Palvin
267,Bill O Reilly
268,Amy Adams
269,Benedict Cumberbatch
270,Anna Paquin
271,Adrianne Palicki
272,Beyonce Knowles
273,Adele
274,Alice Eve
275,Benicio Del Toro
276,Andrew Garfield
277,Beyonce Knowles
278,Amanda Seyfried
279,Anne Bancroft
280,Berenice Bejo
281,Amber Heard
282,Adele
283,Barbra Streisand
284,Adele
285,Anderson Cooper
286,Adele
287,Andy Murray
288,Anne Baxter
289,Ben Kingsley
290,Alexander Skarsgard
291,Bill Hader
292,bella thorne
293,Ben Foster
294,bella thorne
295,Andy Serkis
296,Amy Schumer
297,Adele
298,Alex Pettyfer
299,Andrew Lincoln
300,Albert Finney
301,Bill Pullman
302,Amanda Seyfried
303,Antonio Banderas
304,Amy Adams
305,Adele
306,Analeigh Tipton
307,Bill Daley
308,Anna Faris
309,Anna Kendrick
310,Ben Johnson
311,Andy Garcia
312,Aaron Paul
313,Bill Daley
314,Adam Sandler
315,Adele
316,Angelina Jolie
317,Adele
318,Abigail Breslin
319,Ashton Kutcher
320,Andrew Lincoln
321,Alicia Vikander
322,Adrien Brody
323,Benjamin Bratt
324,Adele
325,Aaron Taylor-Johnson
326,Bette Midler
327,Barry Pepper
328,Bill Hader
329,Adele
330,Akemi Darenogare
331,Al Pacino
332,Alan Alda
333,Albert Brooks
334,Anna Friel
335,Anthony Perkins
336,Audrey Tautou
337,Ben Kingsley
338,Adrianne Palicki
339,Alexander Skarsgard
340,Andrew Lincoln
341,Ben Johnson
342,Ben Johnson
343,Adele
344,Andy Serkis
345,Amanda Peet
346,Andrew Luck
347,Anthony Perkins
348,Anderson Cooper
349,Benjamin Bratt
350,Abigail Breslin
351,Andrew Luck
352,Ashley Judd
353,Ashton Kutcher
354,Benjamin Bratt
355,Andrew Garfield
356,Barabara Palvin
357,Analeigh Tipton
358,Art Carney
359,Anne Bancroft
360,Abigail Breslin
361,Adele
362,Bette Midler
363,Amy Schumer
364,Ben Foster
365,Ben Johnson
366,Adam Sandler
367,Angela Bassett
368,Adriana Barraza
369,Alec Baldwin
370,Berenice Bejo
371,Andrew Garfield
372,Al Roker
373,Adele
374,Armin Mueller-Stahl
375,Albert Brooks
376,Amanda Bynes
377,Ashley Graham
378,Andy Garcia
379,Andrew Lincoln
380,Audrey Tautou
381,Ashley Graham
382,Armin Mueller-Stahl
383,Anna Sui
384,Andy Garcia
385,Anna Paquin
386,Adrien Brody
387,Andrew Luck
388,Ben Johnson
389,Anna Paquin
390,Amber Heard
391,Armin Mueller-Stahl
392,Anthony Perkins
393,Bette Midler
394,Andy Murray
395,Andrew Garfield
396,Alan Arkin
397,Adriana Barraza
398,Adam Sandler
399,AnnaSophia Robb
400,Anthony Mackie
401,Bella Hadid
402,Anthony Hopkins
403,Bill Murray
404,Adele
405,Anthony Perkins
406,Alec Baldwin
407,Adele
408,Abigail Breslin
409,Adriana Lima
410,Audrey Tautou
411,Anna Sui
412,Adrien Brody
413,Alex Pettyfer
414,Alan Alda
415,Adele
416,Anderson Cooper
417,Ben Stiller
418,Alex Pettyfer
419,Ben Johnson
420,Alexandra Daddario
421,Al Pacino
422,Amy Ryan
423,Andrew Garfield
424,Alex Pettyfer
425,Berenice Bejo
426,Andy Samberg
427,Bill Hader
428,Andreea Diaconu
429,Anna Paquin
430,Al Roker
431,Bill Daley
432,Aaron Judge
433,Ben Johnson
434,Adriana Barraza
435,Ben Johnson
436,Adele
437,Adam Sandler
438,Alex Pettyfer
439,Bill Daley
440,Amy Ryan
441,Alice Eve
442,Alexandra Daddario
443,Alice Eve
444,Ben Affleck
445,Benjamin Bratt
446,Alan Alda
447,Anjelica Huston
448,Annette Bening
449,Amy Ryan
450,Angela Bassett
451,Art Carney
452,Ben Affleck
453,Alicia Vikander
454,Angela Bassett
455,Alexander Skarsgard
456,Alan Alda
457,Anjelica Huston
458,Alex Pettyfer
459,Adrien Brody
460,AnnaSophia Robb
461,Alan Arkin
462,Adele
463,Antonio Banderas
464,Amanda Crew
465,Ben Stiller
466,Arnold Schwarzenegger
467,Ashley Greene
468,Amanda Seyfried
469,Adam Sandler
470,Antonio Banderas
471,Bette Midler
472,Andy Murray
473,Andy Murray
474,Amy Adams
475,Anne Baxter
476,Berenice Bejo
477,Alan Alda
478,Antonio Banderas
479,Bill O Reilly
480,Benedict Cumberbatch
481,Andy Garcia
482,Anjelica Huston
483,Andy Garcia
484,Anna Friel
485,Abigail Breslin
486,Anderson Cooper
487,Annette Bening
488,Ava Gardner
489,Alec Baldwin
490,Berenice Bejo
491,Ali Larter
492,Antonio Banderas
493,Anna Kendrick
494,Adam Sandler
495,Anna Sui
496,Adriana Barraza
497,Andrew Luck
498,Ben Kingsley
499,Abigail Breslin
500,Ben Johnson
501,Anderson Cooper
502,Andy Serkis
503,Ben Kingsley
504,Barbra Streisand
505,Alan Arkin
506,Arnold Schwarzenegger
507,Anna Sui
508,Benjamin Bratt
509,bella thorne
510,Antonio Banderas
511,Ava Gardner
512,Adele
513,Alec Baldwin
514,Ava Gardner
515,Adele
516,Anna Sui
517,Adele
518,Adele
519,Ben Kingsley
520,Barabara Palvin
521,Barry Pepper
522,Amy Ryan
523,Bill Hader
524,Ben Kingsley
525,Betty White
526,Audrey Hepburn
527,Bill Murray
528,Albert Finney
529,Adam Sandler
530,Andrew Garfield
531,Anjelica Huston
532,Abigail Breslin
533,Angela Bassett
534,Ben Kingsley
535,Abigail Breslin
536,Ben Foster
537,Adele
538,Audrey Hepburn
539,Bernie Mac
540,Andrew Lincoln
541,Akemi Darenogare
542,Anderson Cooper
543,Andie MacDowell
544,Adele
545,Adele
546,Alicia Vikander
547,Amber Heard
548,Art Carney
549,Anderson Cooper
550,Bill Rancic
551,Adrianne Palicki
552,Benedict Cumberbatch
553,Andy Garcia
554,Bill Daley
555,Anna Kendrick
556,Aaron Taylor-Johnson
557,Alexander Skarsgard
558,Andrew Garfield
559,Bill Hader
560,Art Carney
561,Benedict Cumberbatch
562,Anthony Hopkins
563,Akemi Darenogare
564,Arnold Schwarzenegger
565,Benjamin Bratt
566,Ben Johnson
567,Andy Garcia
568,Alex Pettyfer
569,Ben Stiller
570,Alex Pettyfer
571,Art Carney
572,Anna Friel
573,Angelina Jolie
574,Bella Hadid
575,Andy Serkis
576,Anne Bancroft
577,Alexis Thorpe
578,Bill O Reilly
579,Andie MacDowell
580,Bette Midler
581,Alexander Skarsgard
582,Andie MacDowell
583,Aaron Taylor-Johnson
584,Anderson Cooper
585,Adele
586,Andy Garcia
587,Andreea Diaconu
588,Anne Bancroft
589,Alec Baldwin
590,Al Roker
591,Amanda Crew
592,Bill Paxton
593,Ben Affleck
594,Ashton Kutcher
595,bella thorne
596,Art Carney
597,Amanda Crew
598,Alessandra Ambrosio
599,Amanda Seyfried
600,Adele
601,Alan Alda
602,Anne Baxter
603,Anna Friel
604,Amanda Peet
605,Akemi Darenogare
606,Andy Murray
607,Adele
608,Adele
609,Adele
610,Ben Johnson
611,Adele
612,Anthony Hopkins
613,Beyonce Knowles
614,Anthony Perkins
615,Amber Heard
616,Amanda Crew
617,Alexandra Daddario
618,Betty White
619,Art Carney
620,Adele
621,Audrey Tautou
622,Bill Hader
623,Bill Rancic
624,Albert Brooks
625,Anna Faris
626,Annette Bening
627,Alan Alda
628,Ben Johnson
629,Adele
630,Arnold Schwarzenegger
631,Albert Brooks
632,Benedict Cumberbatch
633,Andrew Luck
634,Adriana Lima
635,Adele
636,Alex Pettyfer
637,Audrey Tautou
638,Ashley Greene
639,Albert Finney
640,Adrien Brody
641,Ben Johnson
642,Antonio Banderas
643,Andy Samberg
644,Amy Adams
645,Amy Ryan
646,Barabara Palvin
647,Adele
648,Alice Eve
649,Alec Baldwin
650,Ashley Judd
651,Alx James
652,Ali Larter
653,Bill Daley
654,Anna Friel
655,Alexander Skarsgard
656,Ben Affleck
657,Antonio Banderas
658,Anthony Mackie
659,Akemi Darenogare
660,Amanda Seyfried
661,Anne Bancroft
662,Adriana Barraza
663,Anjelica Huston
664,Barbra Streisand
665,Andy Garcia
666,Bill Murray
667,Anne Baxter
668,Benedict Cumberbatch
669,Amanda Crew
670,Anderson Cooper
671,Anthony Hopkins
672,Adele
673,Alice Eve
674,Al Pacino
675,Beyonce Knowles
676,Anthony Hopkins
677,Amanda Bynes
678,Benedict Cumberbatch
679,Amy Ryan
680,Amy Schumer
681,Amanda Bynes
682,Ali Larter
683,Barbra Streisand
684,Bella Hadid
685,Alan Arkin
686,Bill Murray
687,Angela Bassett
688,Barbra Streisand
689,Al Pacino
690,Abigail Breslin
691,Bill Murray
692,Annette Bening
693,Anne Bancroft
694,Andy Samberg
695,Anna Faris
696,Adele
697,Andrew Garfield
698,Adele
699,AnnaSophia Robb
700,Barbra Streisand
701,Adele
702,Berenice Bejo
703,Audrey Tautou
704,Andy Samberg
705,Anne Baxter
706,Armin Mueller-Stahl
707,Ben Johnson
708,Aaron Paul
709,Ben Johnson
710,Alx James
711,Andie MacDowell
712,Bill Pullman
713,Anne Baxter
714,Albert Brooks
715,Ben Affleck
716,Annette Bening
717,Anne Bancroft
718,Anthony Hopkins
719,Albert Finney
720,Andrew Garfield
721,Aaron Paul
722,Adele
723,Abigail Breslin
724,Aaron Paul
725,Arnold Schwarzenegger
726,Adele
727,Amanda Crew
728,Benicio Del Toro
729,Benicio Del Toro
730,Ben Affleck
731,Adele
732,Audrey Hepburn
733,Adele
734,Anne Hathaway
735,Adele
736,Anna Paquin
737,Ava Gardner
738,Bill Rancic
739,Alex Pettyfer
740,Bill Murray
741,Bernie Mac
742,Art Carney
743,Amanda Peet
744,Alicia Vikander
745,Adele
746,Amy Ryan
747,Amanda Crew
748,Akemi Darenogare
749,Alexis Thorpe
750,Akemi Darenogare
751,Anna Kendrick
752,Alexis Thorpe
753,Annette Bening
754,Antonio Banderas
755,Ben Foster
756,Adele
757,Billy Bob Thornton
758,Ben Affleck
759,Barry Pepper
760,Adele
761,Andy Serkis
762,Anthony Hopkins
763,Alexandra Daddario
764,Anna Friel
765,Alan Rickman
766,Alx James
767,Adele
768,Amanda Crew
769,Bill Paxton
770,AnnaSophia Robb
771,Ashley Greene
772,Amanda Crew
773,Amy Ryan
774,Bella Hadid
775,Annette Bening
776,Alex Pettyfer
777,Alessandra Ambrosio
778,Albert Brooks
779,Ashley Graham
780,Andreea Diaconu
781,Andy Serkis
782,Ava Gardner
783,Bill Paxton
784,Amanda Peet
785,Adele
786,AnnaSophia Robb
787,bella thorne
788,Andrew Luck
789,Anna Paquin
790,Bill Murray
791,Armin Mueller-Stahl
792,Armin Mueller-Stahl
793,Andie MacDowell
794,Ava Gardner
795,Adrien Brody
796,Amy Ryan
797,Ben Affleck
798,Betty White
799,Betty White
800,Anna Kendrick
801,Anjelica Huston
802,Analeigh Tipton
803,Benjamin Bratt
804,Barabara Palvin
805,Amy Adams
806,Angela Bassett
807,Al Pacino
808,Anne Hathaway
809,Armin Mueller-Stahl
810,Adrianne Palicki
811,bella thorne
812,Ben Affleck
813,Angelina Jolie
814,Anne Baxter
815,Andy Garcia
816,Adele
817,Barbra Streisand
818,Ben Johnson
819,Amanda Seyfried
820,Adrianne Palicki
821,Andy Murray
822,Anna Friel
823,Adele
824,Alan Arkin
825,Adele
826,Andy Murray
827,Anne Baxter
828,Bette Midler
829,Ben Johnson
830,Andreea Diaconu
831,Alex Pettyfer
832,Adele
833,Ben Kingsley
834,Amanda Bynes
835,Andy Murray
836,Alex Pettyfer
837,Abigail Breslin
838,Anne Baxter
839,Benjamin Bratt
840,Betty White
841,Adele
842,Amanda Bynes
843,Ava Gardner
844,Andy Garcia
845,bella thorne
846,Alan Arkin
847,Barbra Streisand
848,Aaron Paul
849,Andy Garcia
850,Benicio Del Toro
851,Adele
852,Alicia Vikander
853,Angelina Jolie
854,Adam Sandler
855,Anne Bancroft
856,Anne Hathaway
857,Barabara Palvin
858,Anna Faris
859,Bill O Reilly
860,Anne Baxter
861,Alex Pettyfer
862,Benicio Del Toro
863,Andy Garcia
864,Amy Schumer
865,Ben Stiller
866,Amanda Crew
867,Anne Hathaway
868,Antonio Banderas
869,Anthony Hopkins
870,Anjelica Huston
871,Ashley Judd
872,Albert Finney
873,Adrien Brody
874,Bernie Mac
875,Bill Daley
876,Adele
877,Amy Ryan
878,Amy Schumer
879,Andrew Garfield
880,Anne Baxter
881,Anjelica Huston
882,Barry Pepper
883,Alan Alda
884,Anna Faris
885,Ashley Greene
886,Adriana Barraza
887,Annette Bening
888,Adele
889,Ben Affleck
890,Alessandra Ambrosio
891,Amanda Bynes
892,Alessandra Ambrosio
893,Adele
894,Berenice Bejo
895,Anne Baxter
896,Andreea Diaconu
897,Amanda Crew
898,Ava Gardner
899,Amanda Seyfried
900,Andrew Garfield
901,Akemi Darenogare
902,Amy Ryan
903,Bernie Mac
904,Bill Pullman
905,Anna Kendrick
906,Ben Johnson
907,Anne Baxter
908,Alx James
909,Andrew Luck
910,Ben Kingsley
911,Andy Samberg
912,Adele
913,Adele
914,Audrey Tautou
915,Anna Paquin
916,Ben Stiller
917,Ashley Judd
918,Alan Rickman
919,Amy Adams
920,Benicio Del Toro
921,Adele
922,Anne Baxter
923,Adele
924,Art Carney
925,Alexis Thorpe
926,Anjelica Huston
927,Adele
928,Annette Bening
929,Alan Arkin
930,Angela Bassett
931,Amy Schumer
932,Amy Ryan
933,Aaron Judge
934,Anne Hathaway
935,Andie MacDowell
936,Bill Rancic
937,Ben Kingsley
938,Andrew Luck
939,Anthony Hopkins
940,Ashley Greene
941,Armin Mueller-Stahl
942,Akemi Darenogare
943,Alice Eve
944,Bill O Reilly
945,Ben Foster
946,Ashley Judd
947,Armin Mueller-Stahl
948,Adriana Barraza
949,Adriana Barraza
950,Annette Bening
951,Alexandra Daddario
952,Ben Johnson
953,Al Pacino
954,Andy Samberg
955,Adele
956,Akemi Darenogare
957,Ben Johnson
958,bella thorne
959,Barry Pepper
960,Akemi Darenogare
961,Aaron Paul
962,Amber Heard
963,Bill Murray
964,Amanda Seyfried
965,Ashley Judd
966,Bella Hadid
967,Albert Finney
968,Alx James
969,bella thorne
970,Amy Schumer
971,Al Pacino
972,Amanda Peet
973,Anne Baxter
974,Adriana Barraza
975,Amanda Bynes
976,Alessandra Ambrosio
977,Audrey Tautou
978,Ashley Greene
979,Anna Friel
980,Anthony Hopkins
981,Alan Alda
982,Andrew Luck
983,Akemi Darenogare
984,Ben Foster
985,Analeigh Tipton
986,Alx James
987,Anthony Mackie
988,Amy Ryan
989,Al Pacino
990,Barabara Palvin
991,Adele
992,Ashley Judd
993,Alexis Thorpe
994,Ben Foster
995,Adele
996,Anna Faris
997,Alx James
998,Amanda Bynes
999,Analeigh Tipton
1000,Anne Hathaway
1001,Benjamin Bratt
1002,Art Carney
1003,Benjamin Bratt
1004,Barbra Streisand
1005,Anthony Perkins
1006,Anna Faris
1007,Amy Schumer
1008,Bill Hader
1009,Anna Kendrick
1010,Alan Alda
1011,Alessandra Ambrosio
1012,Adrianne Palicki
1013,Alan Rickman
1014,Berenice Bejo
1015,Audrey Tautou
1016,Andrew Garfield
1017,Anna Sui
1018,Bill O Reilly
1019,Adriana Lima
1020,Alessandra Ambrosio
1021,Benicio Del Toro
1022,Anderson Cooper
1023,Anthony Mackie
1024,Al Pacino
1025,Andreea Diaconu
1026,Adele
1027,Bill Daley
1028,Betty White
1029,Antonio Banderas
1030,Abigail Breslin
1031,Angelina Jolie
1032,Adriana Lima
1033,Alex Pettyfer
1034,Anne Hathaway
1035,Amanda Crew
1036,Adele
1037,Adele
1038,Abigail Breslin
1039,Anjelica Huston
1040,Bill Daley
1041,Al Roker
1042,Bill Pullman
1043,Andie MacDowell
1044,Alexis Thorpe
1045,Anne Hathaway
1046,Adele
1047,Anne Hathaway
1048,Bette Midler
1049,Amanda Peet
1050,Adriana Lima
1051,Angelina Jolie
1052,Amanda Seyfried
1053,Angela Bassett
1054,Berenice Bejo
1055,Adele
1056,Ben Stiller
1057,Ashton Kutcher
1058,Adele
1059,Amy Schumer
1060,AnnaSophia Robb
1061,Betty White
1062,Armin Mueller-Stahl
1063,Benjamin Bratt
1064,Ali Larter
1065,Amy Ryan
1066,Benicio Del Toro
1067,Bette Midler
1068,Bill Rancic
1069,Adele
1070,Ava Gardner
1071,Adrianne Palicki
1072,Arnold Schwarzenegger
1073,Al Pacino
1074,Aaron Taylor-Johnson
1075,Amanda Bynes
1076,Amanda Peet
1077,Alessandra Ambrosio
1078,Arnold Schwarzenegger
1079,Adriana Barraza
1080,Alexandra Daddario
1081,Amy Ryan
1082,Adele
1083,Amanda Peet
1084,Ashley Judd
1085,Alexis Thorpe
1086,Amanda Seyfried
1087,Al Roker
1088,Abigail Breslin
1089,Adriana Barraza
1090,Adele
1091,Arnold Schwarzenegger
1092,Barbra Streisand
1093,Andy Serkis
1094,Barabara Palvin
1095,Anthony Perkins
1096,Bill Murray
1097,Alan Arkin
1098,Alan Arkin
1099,Alec Baldwin
1100,Ashley Graham
1101,Betty White
1102,Antonio Banderas
1103,Andy Murray
1104,Bill Pullman
1105,bella thorne
1106,Alec Baldwin
1107,Ashton Kutcher
1108,Andie MacDowell
1109,Aaron Taylor-Johnson
1110,Akemi Darenogare
1111,Benicio Del Toro
1112,Adrianne Palicki
1113,Anna Faris
1114,Bill Paxton
1115,Alan Rickman
1116,Anne Baxter
1117,Anna Friel
1118,Bernie Mac
1119,Alicia Vikander
1120,Anne Baxter
1121,Anne Baxter
1122,Amanda Peet
1123,Alessandra Ambrosio
1124,Ben Foster
1125,Anna Paquin
1126,Anne Baxter
1127,Amanda Bynes
1128,Al Roker
1129,Andie MacDowell
1130,Amy Ryan
1131,Bill Daley
1132,Andy Serkis
1133,Amanda Peet
1134,Anne Hathaway
1135,Adele
1136,Billy Bob Thornton
1137,Anne Baxter
1138,Barry Pepper
1139,Alex Pettyfer
1140,Amy Schumer
1141,Adele
1142,Anthony Perkins
1143,Analeigh Tipton
1144,Billy Bob Thornton
1145,Berenice Bejo
1146,Ashley Greene
1147,Alexandra Daddario
1148,Ben Foster
1149,Arnold Schwarzenegger
1150,Adele
1151,Ava Gardner
1152,Alice Eve
1153,Audrey Hepburn
1154,Adele
1155,Alan Rickman
1156,Andy Samberg
1157,Alec Baldwin
1158,Adele
1159,Bernie Mac
1160,Alexander Skarsgard
1161,Bette Midler
1162,Bernie Mac
1163,Andy Samberg
1164,Andreea Diaconu
1165,Adriana Barraza
1166,Adriana Barraza
1167,Amy Adams
1168,Alex Pettyfer
1169,Ashley Greene
1170,Anthony Hopkins
1171,Ben Kingsley
1172,Adele
1173,Anne Baxter
1174,Andy Samberg
1175,Adele
1176,Amanda Seyfried
1177,Billy Bob Thornton
1178,Anne Baxter
1179,Audrey Tautou
1180,Adriana Lima
1181,Alan Arkin
1182,Al Roker
1183,Ben Johnson
1184,Bella Hadid
1185,Anderson Cooper
1186,Bill Pullman
1187,Aaron Judge
1188,Amanda Peet
1189,Anne Hathaway
1190,Alicia Vikander
1191,Amber Heard
1192,Billy Bob Thornton
1193,Andy Samberg
1194,Amber Heard
1195,Anne Bancroft
1196,Analeigh Tipton
1197,Adrianne Palicki
1198,Anna Sui
1199,Adele
1200,Adele
1201,Anna Faris
1202,Alan Rickman
1203,Andreea Diaconu
1204,Barbra Streisand
1205,Ben Affleck
1206,Alexandra Daddario
1207,Adam Sandler
1208,Amy Schumer
1209,Amy Ryan
1210,Adele
1211,Ben Stiller
1212,Ben Foster
1213,Aaron Paul
1214,Anne Baxter
1215,Ashley Graham
1216,Ben Kingsley
1217,Amy Schumer
1218,Ava Gardner
1219,Amber Heard
1220,Angelina Jolie
1221,Amanda Crew
1222,Ben Affleck
1223,Anna Friel
1224,Alan Arkin
1225,Adele
1226,Adam Sandler
1227,Barbra Streisand
1228,Anthony Perkins
1229,Barry Pepper
1230,Adele
1231,Bill Murray
1232,Abigail Breslin
1233,Barbra Streisand
1234,Ashley Graham
1235,Aaron Paul
1236,Amy Schumer
1237,Amanda Crew
1238,Adele
1239,Andie MacDowell
1240,Bill O Reilly
1241,Adele
1242,Audrey Tautou
1243,Alx James
1244,Bill Murray
1245,Bill Hader
1246,AnnaSophia Robb
1247,Bill Hader
1248,Anjelica Huston
1249,Akemi Darenogare
1250,Barry Pepper
1251,Audrey Tautou
1252,Anna Kendrick
1253,Andy Samberg
1254,Amanda Peet
1255,Bill Daley
1256,Adele
1257,Bella Hadid
1258,Ben Johnson
1259,Angela Bassett
1260,Bernie Mac
1261,Andy Garcia
1262,Barry Pepper
1263,Bella Hadid
1264,Anthony Mackie
1265,Ben Affleck
1266,Anne Hathaway
1267,Ashton Kutcher
1268,Andreea Diaconu
1269,Betty White
1270,Amy Schumer
1271,Andy Garcia
1272,Art Carney
1273,Ashley Greene
1274,Aaron Taylor-Johnson
1275,Bette Midler
1276,Bette Midler
1277,Amy Schumer
1278,Anne Bancroft
1279,Adam Sandler
1280,Adele
1281,Anne Hathaway
1282,Analeigh Tipton
1283,Bill Murray
1284,Ashley Graham
1285,Adriana Barraza
1286,Amy Adams
1287,Berenice Bejo
1288,Audrey Hepburn
1289,Ben Foster
1290,Bill Daley
1291,Billy Bob Thornton
1292,Arnold Schwarzenegger
1293,Bella Hadid
1294,Bill Daley
1295,Berenice Bejo
1296,Ashley Graham
1297,Anthony Hopkins
1298,Anthony Hopkins
1299,Billy Bob Thornton
1300,Angelina Jolie
1301,Albert Finney
1302,Angelina Jolie
1303,Albert Finney
1304,Adele
1305,Adele
1306,Barry Pepper
1307,Bill Rancic
1308,Adele
1309,Amanda Seyfried
1310,Amanda Bynes
1311,Bill Hader
1312,Adriana Lima
1313,Andy Garcia
1314,Benedict Cumberbatch
1315,Bette Midler
1316,Andy Garcia
1317,Amy Adams
1318,Benicio Del Toro
1319,Audrey Tautou
1320,Barabara Palvin
1321,Adele
1322,Barbra Streisand
1323,Bill Murray
1324,Ben Kingsley
1325,Berenice Bejo
1326,Anne Baxter
1327,bella thorne
1328,Alex Pettyfer
1329,Art Carney
1330,Adele
1331,Amy Adams
1332,Aaron Taylor-Johnson
1333,Antonio Banderas
1334,Ben Foster
1335,Alan Arkin
1336,Amy Ryan
1337,AnnaSophia Robb
1338,Alan Alda
1339,Anna Friel
1340,Al Pacino
1341,Alexandra Daddario
1342,Aaron Taylor-Johnson
1343,Bill Rancic
1344,Anna Kendrick
1345,Andy Serkis
1346,Betty White
1347,Bette Midler
1348,Bill Paxton
1349,Ben Johnson
1350,Bill Hader
1351,Adele
1352,Betty White
1353,Benicio Del Toro
1354,Alexander Skarsgard
1355,Aaron Judge
1356,Annette Bening
1357,Aaron Taylor-Johnson
1358,Alessandra Ambrosio
1359,Ben Johnson
1360,Annette Bening
1361,Aaron Judge
1362,Adele
1363,Adrianne Palicki
1364,Benicio Del Toro
1365,Ashley Greene
1366,Ali Larter
1367,Ashley Graham
1368,Ben Johnson
1369,Amy Ryan
1370,Anna Kendrick
1371,Alessandra Ambrosio
1372,Anjelica Huston
1373,Annette Bening
1374,Adele
1375,Angelina Jolie
1376,Bill Daley
1377,Benicio Del Toro
1378,Alice Eve
1379,Anne Baxter
1380,Bill Daley
1381,Andy Garcia
1382,Bill Murray
1383,Anna Faris
1384,Amber Heard
1385,Barabara Palvin
1386,Amber Heard
1387,Andie MacDowell
1388,Angelina Jolie
1389,Anderson Cooper
1390,Ben Johnson
1391,Adrien Brody
1392,Adele
1393,Bill Paxton
1394,Abigail Breslin
1395,Annette Bening
1396,Arnold Schwarzenegger
1397,Anne Baxter
1398,Alan Rickman
1399,Adele
1400,Betty White
1401,Ashley Graham
1402,Ava Gardner
1403,Albert Brooks
1404,Alice Eve
1405,Amanda Bynes
1406,Arnold Schwarzenegger
1407,Aaron Taylor-Johnson
1408,Adele
1409,Adele
1410,Adam Sandler
1411,Bill Pullman
1412,Andrew Garfield
1413,Anthony Hopkins
1414,Anna Faris
1415,Adrianne Palicki
1416,Adele
1417,Andy Serkis
1418,Adele
1419,Benedict Cumberbatch
1420,Adam Sandler
1421,Alan Arkin
1422,Anne Baxter
1423,Ben Stiller
1424,Amanda Peet
1425,Ben Affleck
1426,Andie MacDowell
1427,Angelina Jolie
1428,Ben Stiller
1429,Anjelica Huston
1430,Analeigh Tipton
1431,Anthony Hopkins
1432,Benicio Del Toro
1433,Anna Sui
1434,Andy Samberg
1435,Antonio Banderas
1436,Benjamin Bratt
1437,Bella Hadid
1438,Andrew Garfield
1439,Bill Hader
1440,Amy Ryan
1441,Anna Sui
1442,Benicio Del Toro
1443,Ben Stiller
1444,Bill Pullman
1445,Ben Johnson
1446,Adele
1447,Adriana Lima
1448,Andy Garcia
1449,Alex Pettyfer
1450,Amy Schumer
1451,Bill O Reilly
1452,Andreea Diaconu
1453,Adrianne Palicki
1454,Andy Serkis
1455,Adele
1456,Alexis Thorpe
1457,Anna Paquin
1458,Adele
1459,Bernie Mac
1460,Aaron Paul
1461,Anthony Hopkins
1462,Ashley Judd
1463,Adriana Lima
1464,Bette Midler
1465,Adele
1466,Al Pacino
1467,Amy Ryan
1468,Aaron Taylor-Johnson
1469,Adele
1470,Anna Sui
1471,Amy Ryan
1472,Analeigh Tipton
1473,Anna Paquin
1474,Abigail Breslin
1475,Adrianne Palicki
1476,Bella Hadid
1477,Adele
1478,Bella Hadid
1479,Al Pacino
1480,Adele
1481,Andreea Diaconu
1482,Abigail Breslin
1483,Andy Serkis
1484,Alessandra Ambrosio
1485,Al Pacino
1486,Alx James
1487,Andrew Lincoln
1488,Beyonce Knowles
1489,Amy Ryan
1490,Andy Murray
1491,Alan Arkin
1492,Adele
1493,Alan Arkin
1494,Adrianne Palicki
1495,Adam Sandler
1496,Antonio Banderas
1497,Angela Bassett
1498,Alexandra Daddario
1499,Adele
1500,Bernie Mac
1501,Alexander Skarsgard
1502,Armin Mueller-Stahl
1503,Anne Bancroft
1504,Benedict Cumberbatch
1505,Bernie Mac
1506,Amy Schumer
1507,Ben Stiller
1508,Adele
1509,Adam Sandler
1510,Andy Samberg
1511,Benicio Del Toro
1512,Ben Johnson
1513,Berenice Bejo
1514,Adele
1515,Alessandra Ambrosio
1516,Bill Daley
1517,Alan Alda
1518,Adele
1519,Adele
1520,Bill Paxton
1521,Bill Hader
1522,Anthony Mackie
1523,Alexis Thorpe
1524,Aaron Taylor-Johnson
1525,Andy Serkis
1526,Anna Friel
1527,Alan Arkin
1528,Ben Kingsley
1529,Akemi Darenogare
1530,Ashley Graham
1531,Adele
1532,Adrianne Palicki
1533,Andreea Diaconu
1534,Ben Affleck
1535,Ashley Judd
1536,Analeigh Tipton
1537,Alex Pettyfer
1538,Aaron Taylor-Johnson
1539,Alec Baldwin
1540,Berenice Bejo
1541,Anne Hathaway
1542,Anthony Hopkins
1543,Ava Gardner
1544,Alexandra Daddario
1545,Ben Foster
1546,Annette Bening
1547,Barbra Streisand
1548,Albert Finney
1549,Amber Heard
1550,Angelina Jolie
1551,Andrew Lincoln
1552,Ben Affleck
1553,Andy Samberg
1554,Ashton Kutcher
1555,Alex Pettyfer
1556,Audrey Tautou
1557,Beyonce Knowles
1558,Alessandra Ambrosio
1559,Ashley Greene
1560,Amy Ryan
1561,AnnaSophia Robb
1562,Amy Adams
1563,Alec Baldwin
1564,Armin Mueller-Stahl
1565,Alex Pettyfer
1566,Ashley Graham
1567,Andy Serkis
1568,Amanda Crew
1569,Adele
1570,Amanda Seyfried
1571,Anderson Cooper
1572,Amy Ryan
1573,Ben Stiller
1574,Andrew Lincoln
1575,Aaron Judge
1576,Andrew Lincoln
1577,Adam Sandler
1578,Art Carney
1579,Ben Stiller
1580,Adrien Brody
1581,Alan Rickman
1582,Bill Pullman
1583,Amanda Seyfried
1584,Adele
1585,Ali Larter
1586,Bill Hader
1587,Adele
1588,Adam Sandler
1589,Barabara Palvin
1590,Andy Murray
1591,Anna Faris
1592,Amy Ryan
1593,Ava Gardner
1594,Alan Rickman
1595,Andy Garcia
1596,Albert Finney
1597,Alan Arkin
1598,Adele
1599,Adele
1600,Adam Sandler
1601,Billy Bob Thornton
1602,Anne Hathaway
1603,Anthony Hopkins
1604,Anna Faris
1605,Andrew Lincoln
1606,Alan Alda
1607,Bill Pullman
1608,Ben Kingsley
1609,Amanda Seyfried
1610,Anderson Cooper
1611,Analeigh Tipton
1612,Anthony Hopkins
1613,Adam Sandler
1614,Adriana Barraza
1615,Anne Baxter
1616,Alessandra Ambrosio
1617,Adele
1618,Albert Finney
1619,Amy Adams
1620,Berenice Bejo
1621,Adam Sandler
1622,Audrey Hepburn
1623,Anjelica Huston
1624,Billy Bob Thornton
1625,Anna Paquin
1626,Alan Rickman
1627,Adrien Brody
1628,Adele
1629,Adele
1630,Andy Serkis
1631,Antonio Banderas
1632,Berenice Bejo
1633,Andrew Lincoln
1634,Alice Eve
1635,Aaron Taylor-Johnson
1636,Alan Arkin
1637,Armin Mueller-Stahl
1638,Alexander Skarsgard
1639,Adele
1640,Anderson Cooper
1641,Bill Rancic
1642,Anna Friel
1643,Alan Arkin
1644,Ben Stiller
1645,Bill Daley
1646,Adam Sandler
1647,Angela Bassett
1648,Anna Sui
1649,Ashley Graham
1650,Anna Paquin
1651,Alan Alda
1652,Adele
1653,Akemi Darenogare
1654,Amy Ryan
1655,Anthony Perkins
1656,Andy Garcia
1657,Benedict Cumberbatch
1658,Adele
1659,Antonio Banderas
1660,Andrew Lincoln
1661,Ashley Greene
1662,Amy Adams
1663,Adele
1664,Andrew Lincoln
1665,Adele
1666,Ben Foster
1667,Al Roker
1668,Amanda Peet
1669,Ben Johnson
1670,Ava Gardner
1671,Beyonce Knowles
1672,Armin Mueller-Stahl
1673,Anthony Hopkins
1674,Berenice Bejo
1675,Andreea Diaconu
1676,Andrew Lincoln
1677,Anna Kendrick
1678,Adriana Barraza
1679,Anna Kendrick
1680,Ben Stiller
1681,Bette Midler
1682,Adele
1683,Adele
1684,Anna Friel
1685,Bill O Reilly
1686,Beyonce Knowles
1687,Anna Friel
1688,Aaron Taylor-Johnson
1689,Anthony Hopkins
1690,Adrien Brody
1691,Adele
1692,Anthony Mackie
1693,Adriana Barraza
1694,Angela Bassett
1695,Andy Murray
1696,Anthony Hopkins
1697,Adrien Brody
1698,Ben Affleck
1699,Analeigh Tipton
1700,Alan Rickman
1701,Antonio Banderas
1702,Amy Schumer
1703,Andrew Garfield
1704,Adele
1705,Betty White
1706,Audrey Tautou
1707,Anthony Hopkins
1708,Anna Sui
1709,Al Roker
1710,Amber Heard
1711,Anna Paquin
1712,Bill O Reilly
1713,Amanda Peet
1714,Bernie Mac
1715,Alan Arkin
1716,Andrew Lincoln
1717,Albert Brooks
1718,Ashley Greene
1719,Angelina Jolie
1720,Bill Paxton
1721,Amanda Bynes
1722,Audrey Tautou
1723,Anthony Hopkins
1724,Alx James
1725,Andrew Lincoln
1726,Bella Hadid
1727,Alex Pettyfer
1728,Alec Baldwin
1729,Anjelica Huston
1730,Abigail Breslin
1731,Adam Sandler
1732,Anna Sui
1733,Antonio Banderas
1734,Akemi Darenogare
1735,Adele
1736,Amy Adams
1737,Angela Bassett
1738,Amy Ryan
1739,Adrianne Palicki
1740,Ben Kingsley
1741,Adele
1742,Bernie Mac
1743,Aaron Taylor-Johnson
1744,Amanda Bynes
1745,Adam Sandler
1746,Ashley Judd
1747,Adele
1748,Ben Johnson
1749,Adele
1750,Ashton Kutcher
1751,Arnold Schwarzenegger
1752,Analeigh Tipton
1753,Amber Heard
1754,Bill Paxton
1755,Art Carney
1756,Aaron Paul
1757,Amanda Peet
1758,Ashton Kutcher
1759,Audrey Tautou
1760,Betty White
1761,Albert Finney
1762,AnnaSophia Robb
1763,Andrew Garfield
1764,Ava Gardner
1765,Anna Kendrick
1766,Alec Baldwin
1767,Al Pacino
1768,bella thorne
1769,Bill Paxton
1770,Andy Garcia
1771,Adele
1772,Andrew Garfield
1773,Alan Alda
1774,Adele
1775,Billy Bob Thornton
1776,Aaron Taylor-Johnson
1777,Al Pacino
1778,Alessandra Ambrosio
1779,Annette Bening
1780,Anderson Cooper
1781,Billy Bob Thornton
1782,Adriana Barraza
1783,Andreea Diaconu
1784,Alec Baldwin
1785,Analeigh Tipton
1786,Anna Paquin
1787,Ben Foster
1788,Ali Larter
1789,Benedict Cumberbatch
1790,Benicio Del Toro
1791,Andie MacDowell
1792,Bill Rancic
1793,Ben Stiller
1794,Adele
1795,Amanda Peet
1796,Adele
1797,Andrew Lincoln
1798,Amanda Peet
1799,Anna Sui
1800,Bill Paxton
1801,Amber Heard
1802,Alex Pettyfer
1803,Benjamin Bratt
1804,Alex Pettyfer
1805,bella thorne
1806,Andrew Garfield
1807,Barry Pepper
1808,Art Carney
1809,Barry Pepper
1810,Art Carney
1811,Amy Adams
1812,Andy Murray
1813,Audrey Tautou
1814,Adele
1815,Beyonce Knowles
1816,Andy Samberg
1817,Adele
1818,Adele
1819,Akemi Darenogare
1820,Ben Affleck
1821,Billy Bob Thornton
1822,Adele
1823,Amanda Peet
1824,Adriana Barraza
1825,Adriana Barraza
1826,Adele
1827,Alex Pettyfer
1828,Adele
1829,Anthony Hopkins
1830,Betty White
1831,Anjelica Huston
1832,Bella Hadid
1833,Bill Murray
1834,Andy Murray
1835,Ben Kingsley
1836,Angela Bassett
1837,Ben Foster
1838,Andy Samberg
1839,Akemi Darenogare
1840,Angela Bassett
1841,Albert Brooks
1842,Billy Bob Thornton
1843,Amy Schumer
1844,Adam Sandler
1845,Alan Rickman
1846,Andie MacDowell
1847,Billy Bob Thornton
1848,Adele
1849,Alexander Skarsgard
1850,Alexandra Daddario
1851,Al Pacino
1852,Bill Paxton
1853,Andy Garcia
1854,Bill Paxton
1855,Adele
1856,Adele
1857,Adriana Lima
1858,Adrianne Palicki
1859,Armin Mueller-Stahl
1860,Albert Brooks
1861,Ben Kingsley
1862,Ben Affleck
1863,Amy Ryan
1864,Anthony Hopkins
1865,Adele
1866,Alan Arkin
1867,Art Carney
1868,Adele
1869,Amy Ryan
1870,Adele
1871,Alex Pettyfer
1872,Aaron Paul
1873,Alex Pettyfer
1874,Anne Hathaway
1875,Anthony Mackie
1876,Anne Hathaway
1877,Amanda Seyfried
1878,Alessandra Ambrosio
1879,Amy Ryan
1880,Bill Pullman
1881,Amy Adams
1882,Bella Hadid
1883,Andy Murray
1884,Alx James
1885,Andrew Luck
1886,Barabara Palvin
1887,Alx James
1888,Abigail Breslin
1889,Adriana Barraza
1890,Akemi Darenogare
1891,Andie MacDowell
1892,Alec Baldwin
1893,Anthony Mackie
1894,Ashton Kutcher
1895,Audrey Tautou
1896,Adriana Barraza
1897,Andy Murray
1898,Amy Ryan
1899,Alexandra Daddario
1900,Alex Pettyfer
1901,Anna Sui
1902,Bill Hader
1903,Amanda Seyfried
1904,Amy Adams
1905,Ashton Kutcher
1906,Amanda Crew
1907,Adele
1908,Analeigh Tipton
1909,Amy Ryan
1910,Bill Hader
1911,Analeigh Tipton
1912,Benedict Cumberbatch
1913,Alan Rickman
1914,Adriana Barraza
1915,Bill Daley
1916,Ben Foster
1917,Adriana Lima
1918,Anthony Hopkins
1919,Andy Samberg
1920,Anna Kendrick
1921,Amanda Crew
1922,Adele
1923,AnnaSophia Robb
1924,Alan Rickman
1925,Ben Johnson
1926,Andrew Lincoln
1927,Anna Paquin
1928,Aaron Paul
1929,Bella Hadid
1930,Anna Friel
1931,Alan Alda
1932,bella thorne
1933,Anna Friel
1934,Betty White
1935,Anna Kendrick
1936,Adele
1937,Alicia Vikander
1938,Annette Bening
1939,Anna Paquin
1940,Anna Friel
1941,Armin Mueller-Stahl
1942,Adriana Lima
1943,Amy Ryan
1944,Beyonce Knowles
1945,Amber Heard
1946,Andrew Lincoln
1947,Andrew Luck
1948,Bill Pullman
1949,Andie MacDowell
1950,Bill O Reilly
1951,Alan Alda
1952,Amy Schumer
1953,Adam Sandler
1954,Adrianne Palicki
1955,Andrew Garfield
1956,Adam Sandler
1957,Anna Kendrick
1958,Betty White
1959,Abigail Breslin
1960,Aaron Taylor-Johnson
1961,Adele
1962,Anjelica Huston
1963,Bella Hadid
1964,Anna Kendrick
1965,Andy Garcia
1966,Alice Eve
1967,Ben Stiller
1968,Bette Midler
1969,Audrey Tautou
1970,Barbra Streisand
1971,Barabara Palvin
1972,Angelina Jolie
1973,Amy Schumer
1974,Andy Samberg
1975,Alec Baldwin
1976,Ben Affleck
1977,Bette Midler
1978,Antonio Banderas
1979,Benedict Cumberbatch
1980,Adele
1981,Anjelica Huston
1982,Adele
1983,Armin Mueller-Stahl
1984,Adele
1985,Adriana Barraza
1986,Akemi Darenogare
1987,Amy Adams
1988,Ashton Kutcher
1989,Amanda Bynes
1990,Barry Pepper
1991,Anthony Perkins
1992,Art Carney
1993,Armin Mueller-Stahl
1994,Anjelica Huston
1995,Ali Larter
1996,Analeigh Tipton
1997,Adele
1998,Adele
1999,Benedict Cumberbatch
2000,Andreea Diaconu
2001,Albert Finney
2002,Adele
2003,Ali Larter
2004,Andrew Garfield
2005,Ben Kingsley
2006,Alx James
2007,Alice Eve
2008,Adele
2009,Beyonce Knowles
2010,Alexis Thorpe
2011,Adriana Barraza
2012,Anthony Hopkins
2013,Adele
2014,Akemi Darenogare
2015,Alan Alda
2016,Albert Brooks
2017,Albert Brooks
2018,Alicia Vikander
2019,Angela Bassett
2020,Ashton Kutcher
2021,Bill Murray
2022,Bette Midler
2023,Al Pacino
2024,Anne Bancroft
2025,Ben Foster
2026,Anna Friel
2027,Anna Kendrick
2028,Analeigh Tipton
2029,Bernie Mac
2030,Amanda Seyfried
2031,Amy Adams
2032,Adrianne Palicki
2033,Amy Adams
2034,Alex Pettyfer
2035,Bill Pullman
2036,Ben Stiller
2037,Audrey Tautou
2038,Betty White
2039,Billy Bob Thornton
2040,Betty White
2041,Amanda Bynes
2042,Bill Daley
2043,Andy Samberg
2044,Anjelica Huston
2045,Amanda Peet
2046,Alexandra Daddario
2047,Audrey Tautou
2048,Bella Hadid
2049,Alec Baldwin
2050,Armin Mueller-Stahl
2051,Analeigh Tipton
2052,Bella Hadid
2053,Ashley Graham
2054,Anne Baxter
2055,Anthony Hopkins
2056,AnnaSophia Robb
2057,Akemi Darenogare
2058,Bill Pullman
2059,Alexis Thorpe
2060,Barbra Streisand
2061,Amanda Crew
2062,Art Carney
2063,Adele
2064,Amy Ryan
2065,Andy Samberg
2066,Beyonce Knowles
2067,bella thorne
2068,Adam Sandler
2069,Amanda Crew
2070,Andie MacDowell
2071,Bernie Mac
2072,Andie MacDowell
2073,Albert Finney
2074,Angela Bassett
2075,Albert Finney
2076,Adele
2077,Bill Murray
2078,Adam Sandler
2079,Adele
2080,Alexis Thorpe
2081,Al Pacino
2082,Angela Bassett
2083,Adam Sandler
2084,Ben Foster
2085,Andy Garcia
2086,Al Roker
2087,Andy Garcia
2088,Adele
2089,Benicio Del Toro
2090,Anna Paquin
2091,Adele
2092,Bill Paxton
2093,Amber Heard
2094,Bill O Reilly
2095,Bill O Reilly
2096,Al Roker
2097,Anna Faris
2098,Antonio Banderas
2099,Anthony Perkins
2100,Ashley Graham
2101,Ava Gardner
2102,Ali Larter
2103,Andie MacDowell
2104,Amanda Crew
2105,Anna Kendrick
2106,Beyonce Knowles
2107,Angela Bassett
2108,Adriana Barraza
2109,Amanda Seyfried
2110,Adriana Lima
2111,Billy Bob Thornton
2112,Alessandra Ambrosio
2113,Audrey Tautou
2114,Anthony Perkins
2115,Ben Johnson
2116,Ben Johnson
2117,Adam Sandler
2118,Aaron Taylor-Johnson
2119,Adele
2120,Amanda Seyfried
2121,Arnold Schwarzenegger
2122,Benedict Cumberbatch
2123,Andy Murray
2124,Benicio Del Toro
2125,Alessandra Ambrosio
2126,Adele
2127,Bill Rancic
2128,Anjelica Huston
2129,Arnold Schwarzenegger
2130,Benicio Del Toro
2131,Anjelica Huston
2132,Annette Bening
2133,Andrew Lincoln
2134,Anne Baxter
2135,Albert Finney
2136,Barry Pepper
2137,Ben Foster
2138,Bill Paxton
2139,Arnold Schwarzenegger
2140,Aaron Paul
2141,Ben Foster
2142,Al Pacino
2143,Alicia Vikander
2144,Adele
2145,Aaron Paul
2146,Anna Kendrick
2147,Art Carney
2148,Bernie Mac
2149,Barbra Streisand
2150,Alicia Vikander
2151,Arnold Schwarzenegger
2152,Adrien Brody
2153,Andy Serkis
2154,Adrianne Palicki
2155,Al Pacino
2156,Barbra Streisand
2157,Amanda Seyfried
2158,Adele
2159,Bill Murray
2160,Alice Eve
2161,Amanda Crew
2162,Adam Sandler
2163,Bill Daley
2164,Alan Alda
2165,Adrianne Palicki
2166,Adele
2167,Analeigh Tipton
2168,Bill Hader
2169,Adam Sandler
2170,Berenice Bejo
2171,Anthony Hopkins
2172,Amy Schumer
2173,Albert Brooks
2174,Art Carney
2175,Adele
2176,Analeigh Tipton
2177,Ashley Judd
2178,Adele
2179,Ben Stiller
2180,Ben Foster
2181,Abigail Breslin
2182,Arnold Schwarzenegger
2183,Adele
2184,Amanda Crew
2185,Angelina Jolie
2186,Alice Eve
2187,Berenice Bejo
2188,Adele
2189,Anthony Hopkins
2190,Ashley Graham
2191,Amanda Peet
2192,Antonio Banderas
2193,Bill Paxton
2194,Alessandra Ambrosio
2195,Amy Ryan
2196,Art Carney
2197,Anna Sui
2198,Bill Murray
2199,Ava Gardner
2200,Amy Ryan
2201,Angelina Jolie
2202,Alexis Thorpe
2203,Angela Bassett
2204,Angelina Jolie
2205,Amanda Peet
2206,Anne Hathaway
2207,Anne Hathaway
2208,Bernie Mac
2209,Andy Garcia
2210,Bill O Reilly
2211,Armin Mueller-Stahl
2212,Ashley Greene
2213,AnnaSophia Robb
2214,Andrew Garfield
2215,Bella Hadid
2216,Anna Paquin
2217,Bernie Mac
2218,Bill Paxton
2219,Amanda Crew
2220,Amber Heard
2221,Andrew Lincoln
2222,Bette Midler
2223,Adriana Barraza
2224,Alan Alda
2225,Alx James
2226,Adele
2227,Bill O Reilly
2228,Bernie Mac
2229,Adam Sandler
2230,Andrew Garfield
2231,Al Pacino
2232,Barry Pepper
2233,Alessandra Ambrosio
2234,Bill Daley
2235,Adele
2236,Ava Gardner
2237,Alice Eve
2238,Adele
2239,Andy Serkis
2240,Adriana Barraza
2241,Anna Faris
2242,Billy Bob Thornton
2243,Annette Bening
2244,Ben Kingsley
2245,Ben Kingsley
2246,Adele
2247,Anthony Hopkins
2248,Benicio Del Toro
2249,Anthony Hopkins
2250,Ashley Graham
2251,Al Roker
2252,Anne Hathaway
2253,Ben Johnson
2254,Albert Finney
2255,Bill Rancic
2256,Andreea Diaconu
2257,Adele
2258,Anthony Mackie
2259,Adele
2260,Adele
2261,Barry Pepper
2262,Alexis Thorpe
2263,Bernie Mac
2264,Anna Paquin
2265,Adele
2266,Amber Heard
2267,Ben Affleck
2268,Arnold Schwarzenegger
2269,Annette Bening
2270,Art Carney
2271,Analeigh Tipton
2272,Adele
2273,Alan Rickman
2274,Beyonce Knowles
2275,Alexandra Daddario
2276,Bill Daley
2277,Adele
2278,Ashley Graham
2279,Alec Baldwin
2280,Armin Mueller-Stahl
2281,Bill Hader
2282,Adam Sandler
2283,Ben Johnson
2284,Ben Johnson
2285,Anthony Hopkins
2286,Ava Gardner
2287,Antonio Banderas
2288,Amanda Seyfried
2289,Adele
2290,Ashley Graham
2291,Amanda Bynes
2292,Analeigh Tipton
2293,Ben Foster
2294,Andreea Diaconu
2295,Barry Pepper
2296,Andrew Lincoln
2297,Amanda Seyfried
2298,Beyonce Knowles
2299,Alex Pettyfer
2300,Art Carney
2301,Alan Rickman
2302,Aaron Paul
2303,Alexandra Daddario
2304,Ben Kingsley
2305,Alexandra Daddario
2306,Adele
2307,Arnold Schwarzenegger
2308,Alice Eve
2309,Analeigh Tipton
2310,Bill Daley
2311,Adriana Lima
2312,Adele
2313,Annette Bening
2314,Alexis Thorpe
2315,Adele
2316,Amy Ryan
2317,Abigail Breslin
2318,Annette Bening
2319,Anna Faris
2320,Aaron Taylor-Johnson
2321,Adriana Barraza
2322,Al Pacino
2323,Bill Pullman
2324,Adele
2325,Barbra Streisand
2326,Abigail Breslin
2327,Barry Pepper
2328,Andy Serkis
2329,Adele
2330,Betty White
2331,Adele
2332,Alexandra Daddario
2333,Alex Pettyfer
2334,Benicio Del Toro
2335,Angela Bassett
2336,Ben Johnson
2337,Ben Kingsley
2338,Beyonce Knowles
2339,Adriana Barraza
2340,Adele
2341,Barry Pepper
2342,Amanda Seyfried
2343,Al Pacino
2344,Alexander Skarsgard
2345,bella thorne
2346,Antonio Banderas
2347,Ben Affleck
2348,Bill Daley
2349,Berenice Bejo
2350,Amanda Bynes
2351,Al Pacino
2352,Adam Sandler
2353,Alan Arkin
2354,Benjamin Bratt
2355,Bill Pullman
2356,Barabara Palvin
2357,Anna Sui
2358,Ashley Greene
2359,Amanda Crew
2360,Amy Ryan
2361,Amy Ryan
2362,Amanda Peet
2363,Benjamin Bratt
2364,Arnold Schwarzenegger
2365,Anna Sui
2366,Ben Affleck
2367,Andy Murray
2368,Andy Serkis
2369,Betty White
2370,Amanda Bynes
2371,Amy Ryan
2372,Adam Sandler
2373,Amanda Seyfried
2374,Adele
2375,Anderson Cooper
2376,Al Pacino
2377,Adele
2378,Bill Paxton
2379,Analeigh Tipton
2380,Amanda Seyfried
2381,Alec Baldwin
2382,Adrianne Palicki
2383,Aaron Taylor-Johnson
2384,Andrew Luck
2385,Ashley Greene
2386,Annette Bening
2387,Anthony Hopkins
2388,Adele
2389,Andrew Luck
2390,Betty White
2391,Analeigh Tipton
2392,Abigail Breslin
2393,Betty White
2394,Amanda Bynes
2395,Alan Rickman
2396,Amanda Peet
2397,Andrew Garfield
2398,Alan Rickman
2399,Anthony Hopkins
2400,Alex Pettyfer
2401,Bernie Mac
2402,Andy Samberg
2403,Anne Baxter
2404,Bill O Reilly
2405,Bill O Reilly
2406,Anjelica Huston
2407,Alex Pettyfer
2408,Alan Rickman
2409,Beyonce Knowles
2410,AnnaSophia Robb
2411,Adele
2412,Ashley Judd
2413,Adrianne Palicki
2414,Anna Friel
2415,Alicia Vikander
2416,Betty White
2417,Abigail Breslin
2418,Albert Finney
2419,Al Roker
2420,Amy Schumer
2421,Audrey Hepburn
2422,Anne Bancroft
2423,Ashley Greene
2424,Anne Hathaway
2425,Bernie Mac
2426,Ben Johnson
2427,Bill Rancic
2428,Ben Kingsley
2429,Andy Samberg
2430,Arnold Schwarzenegger
2431,Adele
2432,Benjamin Bratt
2433,Amanda Peet
2434,Adele
2435,Betty White
2436,Alice Eve
2437,Anne Baxter
2438,Alex Pettyfer
2439,Adele
2440,Abigail Breslin
2441,Andreea Diaconu
2442,Benicio Del Toro
2443,Abigail Breslin
2444,Adele
2445,Adam Sandler
2446,Alexander Skarsgard
2447,Barabara Palvin
2448,Andrew Luck
2449,Bill Daley
2450,Ben Kingsley
2451,Adam Sandler
2452,Amanda Seyfried
2453,Angela Bassett
2454,Benedict Cumberbatch
2455,Amanda Bynes
2456,Andy Murray
2457,Al Pacino
2458,Alex Pettyfer
2459,Alex Pettyfer
2460,Andy Serkis
2461,Albert Finney
2462,Anna Faris
2463,Anne Baxter
2464,Anna Friel
2465,Ava Gardner
2466,Adele
2467,Anthony Hopkins
2468,Bill Murray
2469,Andy Samberg
2470,Benicio Del Toro
2471,Adele
2472,Adele
2473,Adele
2474,Amy Ryan
2475,Adriana Lima
2476,Angelina Jolie
2477,Abigail Breslin
2478,Barabara Palvin
2479,Bette Midler
2480,Bill Pullman
2481,Antonio Banderas
2482,Benicio Del Toro
2483,Anjelica Huston
2484,Bill Pullman
2485,Adele
2486,Ben Stiller
2487,Alan Alda
2488,Alexis Thorpe
2489,Andy Garcia
2490,Alexander Skarsgard
2491,Ashley Graham
2492,Andie MacDowell
2493,Andy Samberg
2494,Andrew Luck
2495,Barabara Palvin
2496,Analeigh Tipton
2497,Art Carney
2498,Amanda Crew
2499,Barabara Palvin
2500,Adele
2501,Ali Larter
2502,Benicio Del Toro
2503,Anna Paquin
2504,Amanda Peet
2505,Aaron Taylor-Johnson
2506,Alex Pettyfer
2507,Amanda Crew
2508,Amanda Bynes
2509,Andreea Diaconu
2510,Anna Friel
2511,Alexandra Daddario
2512,Ashley Judd
2513,Benedict Cumberbatch
2514,Anderson Cooper
2515,Analeigh Tipton
2516,Anne Baxter
2517,Adele
2518,Andy Samberg
2519,Bette Midler
2520,Amy Schumer
2521,Analeigh Tipton
2522,Barabara Palvin
2523,Adele
2524,Alx James
2525,Bill Hader
2526,Andy Samberg
2527,Barry Pepper
2528,Adele
2529,Andy Samberg
2530,Amanda Peet
2531,AnnaSophia Robb
2532,Alan Arkin
2533,Andreea Diaconu
2534,Amy Ryan
2535,Alec Baldwin
2536,Benicio Del Toro
2537,Bill Hader
2538,Ben Affleck
2539,Annette Bening
2540,Anna Faris
2541,Andie MacDowell
2542,Amy Adams
2543,Ben Foster
2544,bella thorne
2545,Alicia Vikander
2546,Andrew Luck
2547,Amy Ryan
2548,Berenice Bejo
2549,Analeigh Tipton
2550,Anna Faris
2551,Benedict Cumberbatch
2552,Adele
2553,Barabara Palvin
2554,Adele
2555,Alex Pettyfer
2556,Adele
2557,Anna Friel
2558,Adriana Barraza
2559,Amanda Bynes
2560,Anthony Hopkins
2561,Ashley Greene
2562,Amber Heard
2563,Barabara Palvin
2564,Anna Sui
2565,Alec Baldwin
2566,Angelina Jolie
2567,Barbra Streisand
2568,Betty White
2569,Amber Heard
2570,Bill O Reilly
2571,Adele
2572,Ben Foster
2573,Ashley Graham
2574,Anna Paquin
2575,Amanda Peet
2576,Alan Alda
2577,Armin Mueller-Stahl
2578,Andreea Diaconu
2579,Alexander Skarsgard
2580,Amber Heard
2581,Ben Kingsley
2582,Alex Pettyfer
2583,Audrey Hepburn
2584,Barbra Streisand
2585,Anthony Hopkins
2586,Amanda Peet
2587,Alan Arkin
2588,Alan Rickman
2589,Alexandra Daddario
2590,Ben Johnson
2591,Alan Arkin
2592,Benjamin Bratt
2593,Barbra Streisand
2594,Adele
2595,Adrianne Palicki
2596,Ben Kingsley
2597,Anna Paquin
2598,Barry Pepper
2599,Adrianne Palicki
2600,Amanda Seyfried
2601,Al Pacino
2602,Anne Hathaway
2603,Anne Baxter
2604,Amanda Seyfried
2605,Analeigh Tipton
2606,Ben Johnson
2607,Adele
2608,Ben Kingsley
2609,Alan Alda
2610,Alec Baldwin
2611,Analeigh Tipton
2612,Alex Pettyfer
2613,Bill Paxton
2614,Anna Friel
2615,Adriana Lima
2616,Anna Friel
2617,Anna Paquin
2618,Ben Stiller
2619,Alice Eve
2620,Audrey Hepburn
2621,Andy Garcia
2622,Annette Bening
2623,Barbra Streisand
2624,Ava Gardner
2625,Barbra Streisand
2626,Alex Pettyfer
2627,Adele
2628,Alec Baldwin
2629,Alx James
2630,Ben Kingsley
2631,Andy Serkis
2632,Alicia Vikander
2633,Ben Affleck
2634,Audrey Tautou
2635,Andy Murray
2636,Amanda Seyfried
2637,Adele
2638,Ben Kingsley
2639,Andie MacDowell
2640,Anna Faris
2641,Akemi Darenogare
2642,Andy Samberg
2643,Andie MacDowell
2644,Audrey Tautou
2645,Anjelica Huston
2646,Anderson Cooper
2647,Alan Rickman
2648,Ben Kingsley
2649,Anna Friel
2650,Andie MacDowell
2651,Adele
2652,Barry Pepper
2653,Aaron Taylor-Johnson
2654,Anna Kendrick
2655,Angela Bassett
2656,Andy Serkis
2657,Ali Larter
2658,Barbra Streisand
2659,Alex Pettyfer
2660,Anna Friel
2661,Andy Garcia
2662,Alx James
2663,Alessandra Ambrosio
2664,Amy Adams
2665,Anna Paquin
2666,Beyonce Knowles
2667,Adam Sandler
2668,Amanda Crew
2669,Barbra Streisand
2670,Anna Faris
2671,Anna Paquin
2672,Adele
2673,Alan Rickman
2674,Barry Pepper
2675,Benicio Del Toro
2676,Alan Rickman
2677,Amanda Crew
2678,Adam Sandler
2679,Adele
2680,Adele
2681,Berenice Bejo
2682,Anne Hathaway
2683,Ashley Graham
2684,Bill Daley
2685,Berenice Bejo
2686,Adele
2687,Alexis Thorpe
2688,Bill O Reilly
2689,Al Roker
2690,Ashley Graham
2691,Annette Bening
2692,Anna Paquin
2693,Amy Schumer
2694,Andrew Lincoln
2695,Berenice Bejo
2696,Ashley Graham
2697,Ben Foster
2698,Betty White
2699,Berenice Bejo
2700,Adele
2701,Aaron Paul
2702,Alex Pettyfer
2703,Anthony Hopkins
2704,Adriana Barraza
2705,Alicia Vikander
2706,Amanda Peet
2707,Barbra Streisand
2708,Ben Affleck
2709,Bill Paxton
2710,Ben Johnson
2711,Anne Hathaway
2712,Ava Gardner
2713,Anthony Mackie
2714,Amanda Seyfried
2715,Annette Bening
2716,Adrianne Palicki
2717,Angelina Jolie
2718,Andreea Diaconu
2719,Barbra Streisand
2720,Abigail Breslin
2721,Anthony Hopkins
2722,Bette Midler
2723,Anna Faris
2724,Adele
2725,Adele
2726,Amy Ryan
2727,Adele
2728,Andrew Lincoln
2729,Benedict Cumberbatch
2730,Amy Adams
2731,Adele
2732,Adriana Barraza
2733,Abigail Breslin
2734,Beyonce Knowles
2735,Barry Pepper
2736,Annette Bening
2737,Adele
2738,Amanda Peet
2739,Alan Alda
2740,Amber Heard
2741,Bill Daley
2742,Benjamin Bratt
2743,Amanda Seyfried
2744,Bill Murray
2745,Bill Hader
2746,Ben Stiller
2747,Audrey Hepburn
2748,Abigail Breslin
2749,Adele
2750,Audrey Hepburn
2751,Amanda Peet
2752,Andy Samberg
2753,Alexis Thorpe
2754,Abigail Breslin
2755,Adele
2756,Adriana Lima
2757,Bella Hadid
2758,Al Roker
2759,Adele
2760,Annette Bening
2761,Bill Paxton
2762,Ben Johnson
2763,Anna Sui
2764,Anna Friel
2765,Amber Heard
2766,Bernie Mac
2767,Ali Larter
2768,Adriana Barraza
2769,Amber Heard
2770,Annette Bening
2771,Andy Serkis
2772,Arnold Schwarzenegger
2773,Amy Ryan
2774,Beyonce Knowles
2775,Ava Gardner
2776,Amy Adams
2777,Adele
2778,Alex Pettyfer
2779,Aaron Paul
2780,Adele
2781,Ben Affleck
2782,Barry Pepper
2783,Anna Sui
2784,Berenice Bejo
2785,Barabara Palvin
2786,Alexis Thorpe
2787,Amy Adams
2788,Adele
2789,Alexis Thorpe
2790,Berenice Bejo
2791,Annette Bening
2792,Alexis Thorpe
2793,Ashley Greene
2794,Amy Ryan
2795,Adele
2796,Amanda Seyfried
2797,Anne Hathaway
2798,Adele
2799,Ben Johnson
2800,Andy Serkis
2801,Abigail Breslin
2802,Amy Ryan
2803,Adele
2804,Anna Friel
2805,Andy Garcia
2806,Akemi Darenogare
2807,Adele
2808,Alec Baldwin
2809,Alex Pettyfer
2810,Aaron Paul
2811,Ashley Judd
2812,Bill Paxton
2813,Alessandra Ambrosio
2814,Al Pacino
2815,Anjelica Huston
2816,Andy Murray
2817,Ali Larter
2818,Angela Bassett
2819,Adrien Brody
2820,Amy Ryan
2821,Andrew Lincoln
2822,Andy Serkis
2823,Alan Arkin
2824,Amanda Crew
2825,Anderson Cooper
2826,Andrew Garfield
2827,Alec Baldwin
2828,Adele
2829,Adele
2830,Bill Paxton
2831,Alan Rickman
2832,Anderson Cooper
2833,Anjelica Huston
2834,Anna Paquin
2835,Amanda Seyfried
2836,Audrey Tautou
2837,Alexandra Daddario
2838,Ben Stiller
2839,Amy Ryan
2840,Bill Murray
2841,Alessandra Ambrosio
2842,Anjelica Huston
2843,Andrew Luck
2844,Andy Garcia
2845,Alec Baldwin
2846,Andrew Garfield
2847,Billy Bob Thornton
2848,Anna Kendrick
2849,Alicia Vikander
2850,Ashley Graham
2851,Abigail Breslin
2852,Anne Baxter
2853,Ben Stiller
2854,Ben Foster
2855,Amy Ryan
2856,Albert Finney
2857,Amanda Peet
2858,Berenice Bejo
2859,Andrew Luck
2860,Amanda Bynes
2861,Albert Brooks
2862,Andreea Diaconu
2863,Anjelica Huston
2864,Adele
2865,Bill Daley
2866,Alexander Skarsgard
2867,Andrew Garfield
2868,Benjamin Bratt
2869,Annette Bening
2870,Adrien Brody
2871,Amanda Crew
2872,Billy Bob Thornton
2873,Berenice Bejo
2874,Alec Baldwin
2875,Billy Bob Thornton
2876,Anderson Cooper
2877,Anna Friel
2878,AnnaSophia Robb
2879,Betty White
2880,Benedict Cumberbatch
2881,Andie MacDowell
2882,Anna Paquin
2883,Barabara Palvin
2884,Beyonce Knowles
2885,Audrey Hepburn
2886,Art Carney
2887,Barry Pepper
2888,Ben Johnson
2889,Anthony Perkins
2890,Akemi Darenogare
2891,Alessandra Ambrosio
2892,Ava Gardner
2893,Adele
2894,Amy Schumer
2895,Analeigh Tipton
2896,Amanda Seyfried
2897,Adriana Lima
2898,Adrien Brody
2899,Anjelica Huston
2900,Ben Affleck
2901,Anthony Hopkins
2902,Al Pacino
2903,Adele
2904,Benedict Cumberbatch
2905,Art Carney
2906,Annette Bening
2907,Benedict Cumberbatch
2908,Ashley Judd
2909,Adele
2910,Betty White
2911,Andie MacDowell
2912,Amanda Seyfried
2913,Barry Pepper
2914,Amanda Crew
2915,Adrianne Palicki
2916,Ashley Judd
2917,Anna Faris
2918,Ava Gardner
2919,Andrew Lincoln
2920,Adele
2921,Alexander Skarsgard
2922,Barabara Palvin
2923,Amy Ryan
2924,Aaron Taylor-Johnson
2925,Alice Eve
2926,Armin Mueller-Stahl
2927,Aaron Paul
2928,Amy Adams
2929,Adele
2930,Amy Ryan
2931,Analeigh Tipton
2932,Ashley Greene
2933,Alice Eve
2934,Adam Sandler
2935,Annette Bening
2936,Anthony Hopkins
2937,Alan Rickman
2938,Adele
2939,Berenice Bejo
2940,Amber Heard
2941,Anna Faris
2942,Adam Sandler
2943,bella thorne
2944,Antonio Banderas
2945,Alex Pettyfer
2946,Amanda Peet
2947,Adele
2948,Anthony Mackie
2949,Albert Brooks
2950,Annette Bening
2951,Benedict Cumberbatch
2952,Amanda Bynes
2953,Amanda Crew
2954,Ben Johnson
2955,Barry Pepper
2956,Anna Friel
2957,Adele
2958,Andie MacDowell
2959,Andrew Lincoln
2960,Alan Alda
2961,bella thorne
2962,Ben Stiller
2963,Alexandra Daddario
2964,Anthony Mackie
2965,Andie MacDowell
2966,Andie MacDowell
2967,Amy Adams
2968,Adele
2969,Anne Bancroft
2970,Anna Paquin
2971,Barbra Streisand
2972,Alessandra Ambrosio
2973,Alan Arkin
2974,Anna Sui
2975,Benjamin Bratt
2976,Benicio Del Toro
2977,Ashton Kutcher
2978,Alexander Skarsgard
2979,Anna Kendrick
2980,Amy Adams
2981,Alan Alda
2982,Alan Rickman
2983,Ashley Judd
2984,Andrew Luck
2985,Adele
2986,Adele
2987,Ben Stiller
2988,Andie MacDowell
2989,Amanda Bynes
2990,Alice Eve
2991,Alan Alda
2992,Ben Stiller
2993,Adrien Brody
2994,Aaron Judge
2995,Antonio Banderas
2996,Adriana Barraza
2997,Amanda Peet
2998,Andy Murray
2999,Amber Heard
3000,Alicia Vikander
3001,Anthony Mackie
3002,Billy Bob Thornton
3003,Andrew Lincoln
3004,Anjelica Huston
3005,Anne Hathaway
3006,Adele
3007,Annette Bening
3008,bella thorne
3009,Art Carney
3010,Adele
3011,Adriana Lima
3012,Bill Pullman
3013,Alec Baldwin
3014,Bill Paxton
3015,Ashley Judd
3016,Anthony Mackie
3017,Benjamin Bratt
3018,Adele
3019,Abigail Breslin
3020,Adele
3021,Angela Bassett
3022,Anthony Mackie
3023,Ashley Judd
3024,Bill O Reilly
3025,Anne Hathaway
3026,Amanda Bynes
3027,Adele
3028,Annette Bening
3029,Adele
3030,Adele
3031,Armin Mueller-Stahl
3032,Alan Alda
3033,Barbra Streisand
3034,Annette Bening
3035,Adele
3036,Bill Pullman
3037,Anna Kendrick
3038,Anjelica Huston
3039,Alec Baldwin
3040,Bill Pullman
3041,Adele
3042,Bill Rancic
3043,Amanda Peet
3044,Adele
3045,Bill Daley
3046,Albert Finney
3047,Adriana Lima
3048,Amber Heard
3049,Adele
3050,Bill Daley
3051,Barry Pepper
3052,Anderson Cooper
3053,Adele
3054,Alex Pettyfer
3055,Bette Midler
3056,Adele
3057,Anne Hathaway
3058,Adele
3059,Ben Affleck
3060,Amanda Crew
3061,Andrew Lincoln
3062,Arnold Schwarzenegger
3063,Adele
3064,Audrey Tautou
3065,Andy Murray
3066,Adele
3067,Alan Alda
3068,Andrew Luck
3069,Bill Paxton
3070,Ben Johnson
3071,Adele
3072,Ashley Judd
3073,Berenice Bejo
3074,Anne Baxter
3075,Bella Hadid
3076,Adele
3077,Bella Hadid
3078,Albert Brooks
3079,Adam Sandler
3080,Adele
3081,Anna Kendrick
3082,Bill Daley
3083,Bill O Reilly
3084,Amy Schumer
3085,Arnold Schwarzenegger
3086,Benedict Cumberbatch
3087,Amy Ryan
3088,Adele
3089,Anthony Perkins
3090,Bette Midler
3091,Ava Gardner
3092,Andy Murray
3093,Anne Hathaway
3094,Adele
3095,Benjamin Bratt
3096,Berenice Bejo
3097,Adele
3098,Ashley Greene
3099,Ashley Judd
3100,Anna Faris
3101,Ben Foster
3102,Amanda Peet
3103,Adele
3104,Anthony Mackie
3105,Alessandra Ambrosio
3106,Ashton Kutcher
3107,Bill Pullman
3108,Beyonce Knowles
3109,Beyonce Knowles
3110,Anna Faris
3111,Anne Bancroft
3112,Bill Murray
3113,Anthony Hopkins
3114,Amanda Bynes
3115,Adele
3116,Anthony Perkins
3117,Amy Schumer
3118,Alexander Skarsgard
3119,Anne Bancroft
3120,bella thorne
3121,Adriana Barraza
3122,Alessandra Ambrosio
3123,Anna Sui
3124,Adrianne Palicki
3125,Anthony Perkins
3126,Amy Adams
3127,Alessandra Ambrosio
3128,Benjamin Bratt
3129,Bella Hadid
3130,Anthony Perkins
3131,Akemi Darenogare
3132,Akemi Darenogare
3133,Adrien Brody
3134,Analeigh Tipton
3135,Alexandra Daddario
3136,Alx James
3137,Amy Ryan
3138,Ben Foster
3139,Andy Murray
3140,Alan Rickman
3141,Anjelica Huston
3142,Anthony Hopkins
3143,Alx James
3144,Aaron Taylor-Johnson
3145,Anthony Perkins
3146,Ben Foster
3147,Adriana Lima
3148,Adele
3149,Angela Bassett
3150,Bella Hadid
3151,Ava Gardner
3152,Berenice Bejo
3153,Adele
3154,Andie MacDowell
3155,Aaron Paul
3156,Antonio Banderas
3157,Beyonce Knowles
3158,Ben Johnson
3159,Akemi Darenogare
3160,Ben Stiller
3161,Andie MacDowell
3162,Barry Pepper
3163,Alx James
3164,Alexander Skarsgard
3165,Anthony Hopkins
3166,Anthony Mackie
3167,Anna Friel
3168,Adele
3169,Billy Bob Thornton
3170,Anne Hathaway
3171,Ashley Greene
3172,Amy Ryan
3173,Berenice Bejo
3174,Ava Gardner
3175,Andreea Diaconu
3176,Adele
3177,Adrianne Palicki
3178,Amanda Crew
3179,Ben Johnson
3180,Anna Sui
3181,Akemi Darenogare
3182,Albert Finney
3183,Amanda Peet
3184,Alan Arkin
3185,Andie MacDowell
3186,Ben Affleck
3187,Alexander Skarsgard
3188,Barbra Streisand
3189,Anthony Hopkins
3190,Amy Adams
3191,Benicio Del Toro
3192,Beyonce Knowles
3193,Albert Finney
3194,Andy Garcia
3195,Adele
3196,Adriana Barraza
3197,Bill Hader
3198,Adriana Barraza
3199,Ashley Graham
3200,Albert Finney
3201,bella thorne
3202,AnnaSophia Robb
3203,Alexandra Daddario
3204,Andreea Diaconu
3205,Benedict Cumberbatch
3206,Amy Adams
3207,Benicio Del Toro
3208,Andrew Luck
3209,Adele
3210,Alec Baldwin
3211,Alan Alda
3212,Andreea Diaconu
3213,Bill Paxton
3214,Berenice Bejo
3215,Bella Hadid
3216,Amanda Seyfried
3217,Albert Brooks
3218,Alan Alda
3219,Ashton Kutcher
3220,Ben Affleck
3221,Bill Murray
3222,Bill Hader
3223,Andrew Lincoln
3224,Adrien Brody
3225,Andy Murray
3226,Ashley Judd
3227,Alec Baldwin
3228,Anna Kendrick
3229,Benicio Del Toro
3230,Barbra Streisand
3231,Adele
3232,Amanda Bynes
3233,Bill Daley
3234,Adriana Barraza
3235,Ben Johnson
3236,Betty White
3237,Audrey Hepburn
3238,Albert Brooks
3239,Antonio Banderas
3240,Adrien Brody
3241,Alice Eve
3242,Anna Friel
3243,Bill Murray
3244,Benedict Cumberbatch
3245,Anderson Cooper
3246,Al Pacino
3247,Anthony Hopkins
3248,Ben Johnson
3249,Akemi Darenogare
3250,Alice Eve
3251,Ben Johnson
3252,Andrew Garfield
3253,Amanda Seyfried
3254,Bill O Reilly
3255,Andy Garcia
3256,Annette Bening
3257,Adriana Lima
3258,Anna Friel
3259,Bill Daley
3260,Ben Stiller
3261,Alex Pettyfer
3262,Alec Baldwin
3263,bella thorne
3264,Akemi Darenogare
3265,Ashley Graham
3266,Bill Daley
3267,Andy Garcia
3268,Aaron Taylor-Johnson
3269,Andrew Lincoln
3270,Benicio Del Toro
3271,Ben Stiller
3272,Anthony Mackie
3273,Anne Hathaway
3274,Bill O Reilly
3275,Al Pacino
3276,Amanda Peet
3277,Ben Affleck
3278,Bill Daley
3279,Anthony Mackie
3280,Ben Johnson
3281,Adele
3282,Amy Schumer
3283,bella thorne
3284,Ava Gardner
3285,Anthony Hopkins
3286,Annette Bening
3287,Al Pacino
3288,Barry Pepper
3289,Al Roker
3290,Alexandra Daddario
3291,Angelina Jolie
3292,bella thorne
3293,Ashley Greene
3294,Anna Sui
3295,Adam Sandler
3296,Anne Hathaway
3297,Barabara Palvin
3298,Adele
3299,Amy Ryan
3300,Alexander Skarsgard
3301,Anna Kendrick
3302,Benicio Del Toro
3303,Andy Samberg
3304,Adele
3305,Bill Murray
3306,Amanda Crew
3307,Alex Pettyfer
3308,Benicio Del Toro
3309,Al Roker
3310,Amy Schumer
3311,Anna Kendrick
3312,Andreea Diaconu
3313,Ben Kingsley
3314,Andie MacDowell
3315,Anthony Hopkins
3316,Ava Gardner
3317,Amber Heard
3318,Aaron Judge
3319,Ashton Kutcher
3320,Armin Mueller-Stahl
3321,Analeigh Tipton
3322,Adele
3323,Ali Larter
3324,Amanda Bynes
3325,Adele
3326,Anthony Perkins
3327,Ali Larter
3328,bella thorne
3329,Bella Hadid
3330,Bill O Reilly
3331,Amy Ryan
3332,Audrey Hepburn
3333,Bernie Mac
3334,Andie MacDowell
3335,Alec Baldwin
3336,Amanda Crew
3337,Annette Bening
3338,Albert Finney
3339,Alec Baldwin
3340,Aaron Paul
3341,Beyonce Knowles
3342,Bill Rancic
3343,Ben Johnson
3344,Beyonce Knowles
3345,Adriana Lima
3346,Ashley Graham
3347,Al Pacino
3348,Anderson Cooper
3349,Anne Hathaway
3350,AnnaSophia Robb
3351,Audrey Hepburn
3352,Anna Kendrick
3353,Andy Garcia
3354,Amanda Seyfried
3355,Antonio Banderas
3356,Alexandra Daddario
3357,Adele
3358,Ava Gardner
3359,Aaron Paul
3360,Anna Faris
3361,Ben Johnson
3362,Alexandra Daddario
3363,Anthony Hopkins
3364,Alice Eve
3365,Adele
3366,Adele
3367,Angelina Jolie
3368,Adele
3369,Andy Serkis
3370,Benjamin Bratt
3371,Anthony Hopkins
3372,Al Roker
3373,Ben Johnson
3374,Angela Bassett
3375,Benicio Del Toro
3376,Bill Rancic
3377,Ben Kingsley
3378,Alexander Skarsgard
3379,Anthony Hopkins
3380,Billy Bob Thornton
3381,Anne Baxter
3382,Adele
3383,Anne Hathaway
3384,Anthony Hopkins
3385,Amy Schumer
3386,Andreea Diaconu
3387,Anthony Hopkins
3388,Anna Paquin
3389,Amy Ryan
3390,Ashley Greene
3391,Ashley Greene
3392,Bill Murray
3393,Bill Rancic
3394,Albert Finney
3395,Bill Paxton
3396,Analeigh Tipton
3397,Adele
3398,Albert Finney
3399,Bill Paxton
3400,Adele
3401,Benicio Del Toro
3402,Ali Larter
3403,Bill O Reilly
3404,Adele
3405,Al Pacino
3406,Andreea Diaconu
3407,Ashley Judd
3408,Benicio Del Toro
3409,Andy Serkis
3410,Anna Faris
3411,Bernie Mac
3412,Amy Schumer
3413,Benicio Del Toro
3414,Audrey Hepburn
3415,Amy Schumer
3416,Adele
3417,Berenice Bejo
3418,Beyonce Knowles
3419,Ben Kingsley
3420,Adele
3421,Anne Bancroft
3422,Adele
3423,Anthony Perkins
3424,Benicio Del Toro
3425,Ben Foster
3426,Adele
3427,Beyonce Knowles
3428,Ben Kingsley
3429,Alessandra Ambrosio
3430,AnnaSophia Robb
3431,Ashley Greene
3432,Alx James
3433,Berenice Bejo
3434,Arnold Schwarzenegger
3435,Ben Kingsley
3436,Ben Stiller
3437,Adele
3438,bella thorne
3439,Alexis Thorpe
3440,Alexandra Daddario
3441,Alice Eve
3442,Akemi Darenogare
3443,Ben Affleck
3444,Annette Bening
3445,Andy Murray
3446,Anthony Hopkins
3447,Annette Bening
3448,Benjamin Bratt
3449,Ben Stiller
3450,Al Roker
3451,Amanda Crew
3452,Adele
3453,Bill Daley
3454,Bella Hadid
3455,Ashley Judd
3456,Andy Garcia
3457,Benjamin Bratt
3458,Adele
3459,Adele
3460,Ava Gardner
3461,Alexis Thorpe
3462,Andy Garcia
3463,Adrianne Palicki
3464,Bill Pullman
3465,Ava Gardner
3466,Al Pacino
3467,Andy Samberg
3468,Adrianne Palicki
3469,Adele
3470,Benjamin Bratt
3471,Anthony Hopkins
3472,Andie MacDowell
3473,Anthony Hopkins
3474,Amanda Crew
3475,Angelina Jolie
3476,Al Roker
3477,Bette Midler
3478,Bill Murray
3479,Andrew Lincoln
3480,Anna Paquin
3481,Adele
3482,Alexandra Daddario
3483,Adrien Brody
3484,Adam Sandler
3485,Adriana Barraza
3486,Adele
3487,Andy Serkis
3488,Bette Midler
3489,Benicio Del Toro
3490,Analeigh Tipton
3491,Andreea Diaconu
3492,Alec Baldwin
3493,Andrew Garfield
3494,Anna Sui
3495,Adriana Lima
3496,Anthony Perkins
3497,Anna Paquin
3498,Anjelica Huston
3499,Anjelica Huston
3500,Alan Alda
3501,Amanda Peet
3502,Adele
3503,Anthony Perkins
3504,Amanda Seyfried
3505,Alexis Thorpe
3506,Ben Kingsley
3507,Anjelica Huston
3508,Aaron Judge
3509,Anna Faris
3510,Abigail Breslin
3511,Art Carney
3512,Alexis Thorpe
3513,Anna Faris
3514,Alan Rickman
3515,Albert Brooks
3516,Amy Adams
3517,Angela Bassett
3518,Billy Bob Thornton
3519,Ashton Kutcher
3520,Alx James
3521,Abigail Breslin
3522,Anthony Mackie
3523,Alexandra Daddario
3524,Antonio Banderas
3525,Annette Bening
3526,Adele
3527,AnnaSophia Robb
3528,Benicio Del Toro
3529,Berenice Bejo
3530,Anna Kendrick
3531,Amy Schumer
3532,Bill Daley
3533,Andreea Diaconu
3534,Antonio Banderas
3535,Barbra Streisand
3536,Andy Serkis
3537,Adele
3538,Adele
3539,Benjamin Bratt
3540,Alexis Thorpe
3541,Adriana Barraza
3542,Audrey Tautou
3543,Alec Baldwin
3544,Betty White
3545,Ashley Judd
3546,Alan Alda
3547,Ben Johnson
3548,Bill Rancic
3549,Betty White
3550,Ben Affleck
3551,Alicia Vikander
3552,Benicio Del Toro
3553,Abigail Breslin
3554,Berenice Bejo
3555,Adrianne Palicki
3556,Akemi Darenogare
3557,Bette Midler
3558,Adele
3559,Audrey Hepburn
3560,Anna Paquin
3561,Anthony Hopkins
3562,Billy Bob Thornton
3563,Annette Bening
3564,Amy Ryan
3565,Anna Kendrick
3566,Betty White
3567,Annette Bening
3568,Adele
3569,Anne Baxter
3570,Adele
3571,Berenice Bejo
3572,Anjelica Huston
3573,Anne Baxter
3574,Annette Bening
3575,Alicia Vikander
3576,Anne Hathaway
3577,Adele
3578,Alan Rickman
3579,Angela Bassett
3580,Beyonce Knowles
3581,Ashley Graham
3582,Bill Pullman
3583,Bill Paxton
3584,Alice Eve
3585,Andy Garcia
3586,Alan Rickman
3587,Ashley Greene
3588,Amanda Peet
3589,Akemi Darenogare
3590,Ashton Kutcher
3591,Alicia Vikander
3592,Adele
3593,Ashton Kutcher
3594,Ben Johnson
3595,Benicio Del Toro
3596,Andy Garcia
3597,Ben Johnson
3598,Adele
3599,Adam Sandler
3600,Alessandra Ambrosio
3601,Alexander Skarsgard
3602,Adele
3603,Adriana Lima
3604,Adele
3605,Alan Arkin
3606,Adriana Barraza
3607,Abigail Breslin
3608,Anthony Hopkins
3609,Anjelica Huston
3610,Alan Alda
3611,Andie MacDowell
3612,Albert Brooks
3613,Bill Hader
3614,Bette Midler
3615,Ashley Judd
3616,Beyonce Knowles
3617,Alice Eve
3618,Betty White
3619,Anne Baxter
3620,Ben Foster
3621,Amanda Crew
3622,Amy Adams
3623,Betty White
3624,Alx James
3625,Anjelica Huston
3626,Berenice Bejo
3627,Bill Rancic
3628,Alessandra Ambrosio
3629,Andie MacDowell
3630,Betty White
3631,Alan Alda
3632,Bella Hadid
3633,Angelina Jolie
3634,Angelina Jolie
3635,Alec Baldwin
3636,Bernie Mac
3637,Barabara Palvin
3638,Anna Paquin
3639,Bill O Reilly
3640,Analeigh Tipton
3641,Bill Hader
3642,Ben Stiller
3643,Anna Kendrick
3644,Amanda Peet
3645,Barbra Streisand
3646,Anthony Mackie
3647,Anne Hathaway
3648,Amy Ryan
3649,Anthony Hopkins
3650,Art Carney
3651,Bill Daley
3652,Adele
3653,Analeigh Tipton
3654,Anna Faris
3655,Anderson Cooper
3656,Antonio Banderas
3657,Alec Baldwin
3658,Andrew Garfield
3659,Bella Hadid
3660,Bill Rancic
3661,Anthony Perkins
3662,Aaron Taylor-Johnson
3663,Adele
3664,Bill Daley
3665,Albert Finney
3666,Adriana Barraza
3667,Adele
3668,Albert Brooks
3669,Al Roker
3670,Ava Gardner
3671,Adele
3672,Audrey Tautou
3673,Anthony Hopkins
3674,Alessandra Ambrosio
3675,Adam Sandler
3676,AnnaSophia Robb
3677,Arnold Schwarzenegger
3678,Benicio Del Toro
3679,Andrew Luck
3680,Adele
3681,Andrew Lincoln
3682,Ava Gardner
3683,Bill Pullman
3684,Anthony Hopkins
3685,Albert Brooks
3686,Alx James
3687,Ben Affleck
3688,Bella Hadid
3689,Adele
3690,Bill Paxton
3691,Alice Eve
3692,Benedict Cumberbatch
3693,Bill Daley
3694,Adrianne Palicki
3695,Anna Sui
3696,Billy Bob Thornton
3697,Anna Paquin
3698,Bill Murray
3699,Amanda Seyfried
3700,Andie MacDowell
3701,Andreea Diaconu
3702,Andy Murray
3703,Bill Pullman
3704,Bette Midler
3705,Anderson Cooper
3706,Adele
3707,Betty White
3708,Adele
3709,Barry Pepper
3710,Arnold Schwarzenegger
3711,Anderson Cooper
3712,Alexandra Daddario
3713,Ava Gardner
3714,Betty White
3715,Benedict Cumberbatch
3716,Ashley Graham
3717,Ashley Judd
3718,Alessandra Ambrosio
3719,Alan Rickman
3720,Ben Kingsley
3721,Ben Johnson
3722,Andie MacDowell
3723,Adam Sandler
3724,Anderson Cooper
3725,Al Roker
3726,Alec Baldwin
3727,Aaron Paul
3728,Aaron Judge
3729,Andy Garcia
3730,Bella Hadid
3731,Adele
3732,Amanda Crew
3733,Anna Friel
3734,Billy Bob Thornton
3735,Adele
3736,Betty White
3737,Andreea Diaconu
3738,Amy Ryan
3739,Aaron Taylor-Johnson
3740,Anne Hathaway
3741,Ashley Judd
3742,Ben Stiller
3743,Aaron Taylor-Johnson
3744,Benicio Del Toro
3745,Anthony Mackie
3746,Bella Hadid
3747,Andy Murray
3748,Ashley Graham
3749,Alex Pettyfer
3750,Alx James
3751,Anderson Cooper
3752,Adele
3753,Alan Arkin
3754,Angelina Jolie
3755,Bill Pullman
3756,Amanda Seyfried
3757,bella thorne
3758,Ashley Judd
3759,Amanda Peet
3760,Ashton Kutcher
3761,Beyonce Knowles
3762,Alan Alda
3763,Angelina Jolie
3764,Ashley Graham
3765,Anna Paquin
3766,Alan Alda
3767,Ben Affleck
3768,Akemi Darenogare
3769,Berenice Bejo
3770,Andie MacDowell
3771,Alan Rickman
3772,Ben Foster
3773,Bernie Mac
3774,Ben Affleck
3775,Armin Mueller-Stahl
3776,Anna Paquin
3777,Adrianne Palicki
3778,Anna Friel
3779,Alex Pettyfer
3780,Amy Schumer
3781,Alexandra Daddario
3782,Barry Pepper
3783,Ben Kingsley
3784,Aaron Judge
3785,Anne Bancroft
3786,Ashley Greene
3787,Adele
3788,Adele
3789,Adele
3790,Alan Rickman
3791,Andreea Diaconu
3792,Bill Daley
3793,Adriana Lima
3794,Antonio Banderas
3795,Ben Stiller
3796,Ben Foster
3797,Benedict Cumberbatch
3798,Alan Rickman
3799,Aaron Judge
3800,Barabara Palvin
3801,Amber Heard
3802,Adele
3803,Anna Friel
3804,Benjamin Bratt
3805,Bill Hader
3806,Analeigh Tipton
3807,Amy Adams
3808,Amanda Peet
3809,Ashley Judd
3810,Akemi Darenogare
3811,Bella Hadid
3812,Ben Affleck
3813,Anderson Cooper
3814,Adriana Barraza
3815,Ava Gardner
3816,Bill Daley
3817,Adrien Brody
3818,Alec Baldwin
3819,Adele
3820,Bill Hader
3821,Anna Sui
3822,Amanda Bynes
3823,Adele
3824,Anthony Mackie
3825,Andy Samberg
3826,Bette Midler
3827,Akemi Darenogare
3828,Adriana Barraza
3829,Anne Hathaway
3830,Art Carney
3831,Bernie Mac
3832,Alexander Skarsgard
3833,Alexandra Daddario
3834,Barry Pepper
3835,Bernie Mac
3836,Bill O Reilly
3837,Alessandra Ambrosio
3838,Alec Baldwin
3839,Adele
3840,Andie MacDowell
3841,Amber Heard
3842,Adele
3843,Ben Affleck
3844,Ben Affleck
3845,Andreea Diaconu
3846,Ashton Kutcher
3847,Alex Pettyfer
3848,Audrey Hepburn
3849,Adele
3850,Adam Sandler
3851,Ali Larter
3852,Ben Foster
3853,Barabara Palvin
3854,Amanda Crew
3855,Alan Arkin
3856,Anthony Perkins
3857,Adele
3858,Anne Bancroft
3859,Anna Faris
3860,AnnaSophia Robb
3861,Andy Murray
3862,Adele
3863,Adele
3864,Anna Sui
3865,Amy Ryan
3866,Alec Baldwin
3867,Bill Murray
3868,Ben Stiller
3869,Anna Friel
3870,Andy Garcia
3871,Akemi Darenogare
3872,Anderson Cooper
3873,Anna Kendrick
3874,bella thorne
3875,Ben Johnson
3876,Anna Faris
3877,Armin Mueller-Stahl
3878,Bill Pullman
3879,Adrianne Palicki
3880,Alan Alda
3881,Adrianne Palicki
3882,Al Roker
3883,Anne Baxter
3884,Antonio Banderas
3885,Abigail Breslin
3886,Alex Pettyfer
3887,Anne Bancroft
3888,Angelina Jolie
3889,Bill Hader
3890,Angelina Jolie
3891,Annette Bening
3892,Amanda Bynes
3893,Alexis Thorpe
3894,Anderson Cooper
3895,Analeigh Tipton
3896,Benicio Del Toro
3897,Arnold Schwarzenegger
3898,Adrien Brody
3899,Ben Johnson
3900,Andy Samberg
3901,AnnaSophia Robb
3902,Anna Kendrick
3903,Andy Murray
3904,Adele
3905,Adele
3906,Bernie Mac
3907,Adele
3908,Adam Sandler
3909,Adele
3910,Anthony Mackie
3911,Abigail Breslin
3912,Andie MacDowell
3913,Anna Kendrick
3914,Andy Samberg
3915,Anne Baxter
3916,Adriana Lima
3917,Anna Paquin
3918,Adele
3919,Andrew Luck
3920,Anthony Mackie
3921,Adele
3922,Andy Garcia
3923,Bill Daley
3924,Billy Bob Thornton
3925,Alicia Vikander
3926,Al Pacino
3927,Adele
3928,Anna Friel
3929,Alx James
3930,Adriana Barraza
3931,Ashton Kutcher
3932,Alicia Vikander
3933,Anna Faris
3934,Ashley Greene
3935,Bette Midler
3936,Bill Daley
3937,Ava Gardner
3938,Anthony Mackie
3939,Barry Pepper
3940,Amy Ryan
3941,Bella Hadid
3942,Alec Baldwin
3943,Amy Adams
3944,Beyonce Knowles
3945,Adele
3946,Al Pacino
3947,Ben Kingsley
3948,Berenice Bejo
3949,Akemi Darenogare
3950,Adele
3951,Alessandra Ambrosio
3952,Ben Foster
3953,Alec Baldwin
3954,Art Carney
3955,Alexander Skarsgard
3956,Andy Samberg
3957,Angela Bassett
3958,Amy Ryan
3959,Abigail Breslin
3960,Anna Sui
3961,Al Roker
3962,Anthony Hopkins
3963,Annette Bening
3964,Andy Samberg
3965,Albert Finney
3966,Berenice Bejo
3967,Anna Faris
3968,bella thorne
3969,Ben Kingsley
3970,Berenice Bejo
3971,Barry Pepper
3972,Andy Serkis
3973,Armin Mueller-Stahl
3974,Bill Paxton
3975,Ben Stiller
3976,Bella Hadid
3977,Adele
3978,Anna Paquin
3979,Ben Affleck
3980,Alan Alda
3981,AnnaSophia Robb
3982,Anjelica Huston
3983,Betty White
3984,Amanda Crew
3985,Ben Johnson
3986,Aaron Taylor-Johnson
3987,Alan Rickman
3988,Alx James
3989,Alice Eve
3990,Alessandra Ambrosio
3991,Bette Midler
3992,Ben Kingsley
3993,Adele
3994,Betty White
3995,Ashley Judd
3996,Akemi Darenogare
3997,Amanda Peet
3998,Amanda Bynes
3999,Ali Larter
4000,Anna Paquin
4001,Amanda Peet
4002,Alan Alda
4003,Andy Murray
4004,Adele
4005,Adriana Barraza
4006,Anna Paquin
4007,Bill Murray
4008,Adele
4009,Alexander Skarsgard
4010,Akemi Darenogare
4011,Adrien Brody
4012,Bernie Mac
4013,Adele
4014,Barbra Streisand
4015,Anthony Mackie
4016,Ben Foster
4017,Barry Pepper
4018,Al Roker
4019,Anne Baxter
4020,Arnold Schwarzenegger
4021,Anthony Perkins
4022,Adele
4023,Anne Bancroft
4024,Adriana Barraza
4025,Adele
4026,Anjelica Huston
4027,Ben Stiller
4028,Amanda Bynes
4029,Alex Pettyfer
4030,Aaron Judge
4031,Bill O Reilly
4032,Alec Baldwin
4033,Adele
4034,Adrien Brody
4035,Bill Hader
4036,Adele
4037,Bill Paxton
4038,Anna Paquin
4039,Adele
4040,Alexandra Daddario
4041,Adriana Barraza
4042,Art Carney
4043,Adam Sandler
4044,Anne Bancroft
4045,Alan Alda
4046,Alx James
4047,Anthony Mackie
4048,Adam Sandler
4049,Audrey Hepburn
4050,Billy Bob Thornton
4051,Adam Sandler
4052,Ben Johnson
4053,Anna Friel
4054,Bill Paxton
4055,Alexandra Daddario
4056,Berenice Bejo
4057,Albert Finney
4058,Al Pacino
4059,Ben Johnson
4060,Ben Johnson
4061,Alan Rickman
4062,Ashton Kutcher
4063,Ashley Greene
4064,Art Carney
4065,Barry Pepper
4066,Al Pacino
4067,Ben Johnson
4068,Adele
4069,Anne Hathaway
4070,Bill Daley
4071,Barry Pepper
4072,Amber Heard
4073,Alan Arkin
4074,Andie MacDowell
4075,Amy Schumer
4076,Adriana Barraza
4077,Ben Affleck
4078,Anna Sui
4079,Angelina Jolie
4080,Anna Sui
4081,Bernie Mac
4082,Barabara Palvin
4083,Bill Paxton
4084,Anna Kendrick
4085,Ben Foster
4086,Barabara Palvin
4087,Adele
4088,Adele
4089,Adele
4090,Barry Pepper
4091,Barabara Palvin
4092,Andy Serkis
4093,Ben Johnson
4094,Albert Brooks
4095,Bill Paxton
4096,Ashley Graham
4097,Andy Samberg
4098,Amber Heard
4099,Bill Paxton
4100,Bella Hadid
4101,Anna Paquin
4102,Alan Alda
4103,Art Carney
4104,Bill O Reilly
4105,Adriana Lima
4106,Andy Serkis
4107,Billy Bob Thornton
4108,Al Pacino
4109,Aaron Paul
4110,Alx James
4111,Ava Gardner
4112,Arnold Schwarzenegger
4113,Barry Pepper
4114,Adriana Lima
4115,Alec Baldwin
4116,Analeigh Tipton
4117,Al Roker
4118,Alicia Vikander
4119,Antonio Banderas
4120,Anne Hathaway
4121,Anna Kendrick
4122,Akemi Darenogare
4123,Betty White
4124,Andreea Diaconu
4125,Ben Affleck
4126,Anthony Mackie
4127,Alan Alda
4128,Adele
4129,Alessandra Ambrosio
4130,Ava Gardner
4131,Benedict Cumberbatch
4132,Alec Baldwin
4133,Amanda Crew
4134,Arnold Schwarzenegger
4135,Andrew Lincoln
4136,Andy Murray
4137,Adriana Lima
4138,Ali Larter
4139,Barry Pepper
4140,Berenice Bejo
4141,Andrew Lincoln
4142,Adele
4143,Adele
4144,Adrien Brody
4145,Adele
4146,Andrew Lincoln
4147,Art Carney
4148,Andie MacDowell
4149,Aaron Paul
4150,Ava Gardner
4151,Adele
4152,Alexandra Daddario
4153,Andy Murray
4154,bella thorne
4155,Anthony Mackie
4156,bella thorne
4157,Adriana Lima
4158,Amanda Bynes
4159,Abigail Breslin
4160,Adele
4161,Amber Heard
4162,Anna Faris
4163,Audrey Hepburn
4164,Amy Schumer
4165,Ashley Graham
4166,Andy Garcia
4167,Alx James
4168,Anna Paquin
4169,Angelina Jolie
4170,Andie MacDowell
4171,Alessandra Ambrosio
4172,AnnaSophia Robb
4173,Ben Kingsley
4174,Ashley Judd
4175,Andy Samberg
4176,Bella Hadid
4177,Alan Rickman
4178,Ashley Greene
4179,Barry Pepper
4180,Andrew Lincoln
4181,Andy Garcia
4182,Ali Larter
4183,Adele
4184,Ashley Greene
4185,Bill Paxton
4186,Audrey Hepburn
4187,Barabara Palvin
4188,Adele
4189,Alexandra Daddario
4190,Beyonce Knowles
4191,Anna Faris
4192,Ben Stiller
4193,Ashley Greene
4194,Alice Eve
4195,Alexandra Daddario
4196,Amy Adams
4197,Anthony Hopkins
4198,Aaron Taylor-Johnson
4199,Alexandra Daddario
4200,Bill O Reilly
4201,Betty White
4202,Amy Ryan
4203,Alec Baldwin
4204,Adele
4205,Betty White
4206,Ashley Judd
4207,Anthony Hopkins
4208,Adele
4209,Bill Murray
4210,Adele
4211,Anthony Hopkins
4212,Bill Hader
4213,Amanda Crew
4214,Adele
4215,Andrew Lincoln
4216,Adele
4217,Amanda Seyfried
4218,Barbra Streisand
4219,Angela Bassett
4220,Alessandra Ambrosio
4221,Adele
4222,Adriana Barraza
4223,Alan Rickman
4224,Anthony Mackie
4225,Analeigh Tipton
4226,Abigail Breslin
4227,Adele
4228,Alexandra Daddario
4229,Ali Larter
4230,Ali Larter
4231,Ben Affleck
4232,Ben Affleck
4233,Barbra Streisand
4234,Adele
4235,Arnold Schwarzenegger
4236,Andy Samberg
4237,Adele
4238,Alicia Vikander
4239,Anthony Hopkins
4240,Anna Kendrick
4241,Anthony Mackie
4242,Audrey Tautou
4243,Barabara Palvin
4244,Beyonce Knowles
4245,Amanda Peet
4246,Andie MacDowell
4247,Anne Baxter
4248,Ben Foster
4249,Amanda Crew
4250,Adele
4251,Andy Murray
4252,Bill Daley
4253,Arnold Schwarzenegger
4254,Anna Paquin
4255,Adele
4256,Akemi Darenogare
4257,Ben Johnson
4258,Anthony Hopkins
4259,Annette Bening
4260,Adele
4261,Bernie Mac
4262,Benjamin Bratt
4263,Anthony Perkins
4264,Annette Bening
4265,Arnold Schwarzenegger
4266,Bill O Reilly
4267,Adele
4268,AnnaSophia Robb
4269,Al Pacino
4270,Amy Ryan
4271,Adele
4272,Angela Bassett
4273,Annette Bening
4274,Alice Eve
4275,Andy Garcia
4276,Aaron Judge
4277,Barbra Streisand
4278,Ashley Judd
4279,Bernie Mac
4280,Aaron Taylor-Johnson
4281,Adriana Lima
4282,Benjamin Bratt
4283,Anderson Cooper
4284,Adele
4285,Ben Foster
4286,Benicio Del Toro
4287,Adele
4288,Adele
4289,Ben Johnson
4290,Ben Affleck
4291,Angelina Jolie
4292,Albert Finney
4293,Ben Johnson
4294,Berenice Bejo
4295,Antonio Banderas
4296,Anjelica Huston
4297,Al Roker
4298,Bill Daley
4299,Anjelica Huston
4300,Anna Kendrick
4301,Andrew Garfield
4302,Andy Samberg
4303,Anne Baxter
4304,Bill Paxton
4305,Angela Bassett
4306,Anthony Perkins
4307,Bella Hadid
4308,Barabara Palvin
4309,Anthony Mackie
4310,Ashley Graham
4311,Adriana Lima
4312,Alex Pettyfer
4313,Andy Samberg
4314,Ali Larter
4315,Al Roker
4316,Andrew Garfield
4317,Aaron Judge
4318,Alx James
4319,Ben Kingsley
4320,Ben Stiller
4321,Audrey Hepburn
4322,Adele
4323,Alx James
4324,Ashley Judd
4325,Bill Murray
4326,Adele
4327,Anna Kendrick
4328,Andrew Luck
4329,Adam Sandler
4330,Al Roker
4331,Benjamin Bratt
4332,Anne Hathaway
4333,Bernie Mac
4334,Anna Friel
4335,Anna Paquin
4336,Al Pacino
4337,Adele
4338,Anthony Perkins
4339,Adele
4340,Alexis Thorpe
4341,Alec Baldwin
4342,Adele
4343,Ben Johnson
4344,Analeigh Tipton
4345,Albert Brooks
4346,Amy Ryan
4347,Adele
4348,Adele
4349,Alex Pettyfer
4350,Amanda Seyfried
4351,Betty White
4352,Alec Baldwin
4353,Anthony Hopkins
4354,Audrey Hepburn
4355,Adele
4356,Beyonce Knowles
4357,Ben Stiller
4358,Ava Gardner
4359,Adrien Brody
4360,Armin Mueller-Stahl
4361,Alexandra Daddario
4362,Armin Mueller-Stahl
4363,Benjamin Bratt
4364,Amanda Crew
4365,Anderson Cooper
4366,Alan Alda
4367,Angelina Jolie
4368,Andy Samberg
4369,Anjelica Huston
4370,Bill Rancic
4371,Ashley Greene
4372,Bill Hader
4373,Amanda Bynes
4374,Alan Rickman
4375,Bill Rancic
4376,Akemi Darenogare
4377,AnnaSophia Robb
4378,Amy Schumer
4379,Angelina Jolie
4380,Alx James
4381,Anna Kendrick
4382,Andrew Luck
4383,Akemi Darenogare
4384,Bill Rancic
4385,Adele
4386,Andrew Lincoln
4387,Barry Pepper
4388,Al Pacino
4389,Bill Hader
4390,Adele
4391,Adele
4392,Adrianne Palicki
4393,Adele
4394,Amy Adams
4395,Anthony Hopkins
4396,Anna Friel
4397,Adele
4398,Adele
4399,Adrianne Palicki
4400,Amy Ryan
4401,Albert Finney
4402,Benjamin Bratt
4403,Amanda Peet
4404,Betty White
4405,Alexandra Daddario
4406,Ben Affleck
4407,Adele
4408,Adele
4409,Aaron Paul
4410,Amber Heard
4411,AnnaSophia Robb
4412,Alicia Vikander
4413,Amy Adams
4414,Beyonce Knowles
4415,Adrien Brody
4416,Alicia Vikander
4417,Adrianne Palicki
4418,Andie MacDowell
4419,Adam Sandler
4420,Alex Pettyfer
4421,Andy Samberg
4422,Bill Hader
4423,Ben Kingsley
4424,Adriana Barraza
4425,Amanda Seyfried
4426,Amanda Bynes
4427,Andreea Diaconu
4428,Andreea Diaconu
4429,Andrew Garfield
4430,Adele
4431,Andy Murray
4432,Anthony Hopkins
4433,Alec Baldwin
4434,Andrew Lincoln
4435,Amy Schumer
4436,Adriana Barraza
4437,Adele
4438,Billy Bob Thornton
4439,Ava Gardner
4440,Berenice Bejo
4441,Andie MacDowell
4442,Berenice Bejo
4443,Andrew Luck
4444,Akemi Darenogare
4445,Bill O Reilly
4446,Anthony Hopkins
4447,Ali Larter
4448,Ben Affleck
4449,Berenice Bejo
4450,Betty White
4451,Adele
4452,Armin Mueller-Stahl
4453,Abigail Breslin
4454,Ashley Judd
4455,Anna Paquin
4456,AnnaSophia Robb
4457,Berenice Bejo
4458,Adriana Lima
4459,Bette Midler
4460,Ashley Judd
4461,Barbra Streisand
4462,Ben Johnson
4463,Anthony Perkins
4464,Ben Johnson
4465,Ben Affleck
4466,Arnold Schwarzenegger
4467,Amanda Bynes
4468,Ashton Kutcher
4469,Al Roker
4470,Adele
4471,Al Pacino
4472,Anna Faris
4473,Ashley Graham
4474,Bill Rancic
4475,Ashley Graham
4476,Andy Samberg
4477,Aaron Paul
4478,Alex Pettyfer
4479,Adam Sandler
4480,Bill Hader
4481,Bernie Mac
4482,Andy Samberg
4483,Alan Rickman
4484,Arnold Schwarzenegger
4485,Barabara Palvin
4486,Adrien Brody
4487,bella thorne
4488,Andrew Lincoln
4489,Alex Pettyfer
4490,Adele
4491,Adele
4492,Andy Samberg
4493,Ashley Graham
4494,Ava Gardner
4495,Adam Sandler
4496,Albert Finney
4497,Ali Larter
4498,Adele
4499,Bill Daley
4500,Bill Hader
4501,Abigail Breslin
4502,Al Pacino
4503,Anderson Cooper
4504,Anjelica Huston
4505,Anne Hathaway
4506,Ben Affleck
4507,Adele
4508,Adele
4509,Andrew Garfield
4510,Alicia Vikander
4511,Audrey Hepburn
4512,Billy Bob Thornton
4513,Alec Baldwin
4514,Ali Larter
4515,Ashley Graham
4516,Amanda Peet
4517,Albert Brooks
4518,Andie MacDowell
4519,Angela Bassett
4520,Ashley Judd
4521,Aaron Taylor-Johnson
4522,Ben Johnson
4523,Barbra Streisand
4524,Amber Heard
4525,Adele
4526,Ava Gardner
4527,Bella Hadid
4528,Alessandra Ambrosio
4529,Al Pacino
4530,Adrien Brody
4531,Amanda Peet
4532,Beyonce Knowles
4533,Amy Ryan
4534,Aaron Taylor-Johnson
4535,Amy Ryan
4536,Andrew Luck
4537,Albert Finney
4538,Alex Pettyfer
4539,bella thorne
4540,AnnaSophia Robb
4541,bella thorne
4542,Ashley Judd
4543,Adele
4544,Barbra Streisand
4545,Albert Finney
4546,Bette Midler
4547,Amanda Seyfried
4548,Andy Samberg
4549,bella thorne
4550,Audrey Tautou
4551,Anna Sui
4552,Amanda Peet
4553,Barry Pepper
4554,Alx James
4555,Bella Hadid
4556,Audrey Hepburn
4557,Adele
4558,Andrew Lincoln
4559,Anna Sui
4560,Ashley Greene
4561,Alessandra Ambrosio
4562,Amanda Bynes
4563,Amy Schumer
4564,Al Roker
4565,Bella Hadid
4566,Bella Hadid
4567,Ashley Graham
4568,Ben Kingsley
4569,Bette Midler
4570,Andie MacDowell
4571,Akemi Darenogare
4572,Alessandra Ambrosio
4573,Bernie Mac
4574,Andy Serkis
4575,Alexander Skarsgard
4576,Analeigh Tipton
4577,Betty White
4578,Aaron Taylor-Johnson
4579,Ashley Graham
4580,Adele
4581,Alice Eve
4582,Barbra Streisand
4583,Berenice Bejo
4584,Amanda Peet
4585,Amy Adams
4586,Analeigh Tipton
4587,Andy Serkis
4588,Ali Larter
4589,Ava Gardner
4590,Anthony Hopkins
4591,Ben Johnson
4592,Alec Baldwin
4593,Adele
4594,Amanda Seyfried
4595,Ben Foster
4596,Anne Bancroft
4597,Adele
4598,Analeigh Tipton
4599,Adam Sandler
4600,Alx James
4601,Aaron Paul
4602,Anjelica Huston
4603,Al Roker
4604,Anne Hathaway
4605,Adrien Brody
4606,Berenice Bejo
4607,Andrew Lincoln
4608,Anjelica Huston
4609,Amy Schumer
4610,Adele
4611,Betty White
4612,Alicia Vikander
4613,Andrew Garfield
4614,Benedict Cumberbatch
4615,Alexander Skarsgard
4616,Adrien Brody
4617,Ali Larter
4618,Anjelica Huston
4619,Betty White
4620,Amanda Peet
4621,Adele
4622,Alessandra Ambrosio
4623,Arnold Schwarzenegger
4624,Audrey Tautou
4625,Amanda Crew
4626,Anne Bancroft
4627,Adriana Lima
4628,Angelina Jolie
4629,Adele
4630,Bill Pullman
4631,Adele
4632,Adele
4633,Anna Paquin
4634,Adele
4635,Anna Faris
4636,Ben Stiller
4637,Akemi Darenogare
4638,Ben Foster
4639,Ava Gardner
4640,Ben Johnson
4641,Amy Ryan
4642,Audrey Tautou
4643,Aaron Taylor-Johnson
4644,Art Carney
4645,Ali Larter
4646,Betty White
4647,Antonio Banderas
4648,Benedict Cumberbatch
4649,Ashley Greene
4650,Art Carney
4651,Adriana Lima
4652,Aaron Taylor-Johnson
4653,Barabara Palvin
4654,Anthony Hopkins
4655,Bill Daley
4656,Adele
4657,Berenice Bejo
4658,Ben Kingsley
4659,Amy Ryan
4660,Adele
4661,Andie MacDowell
4662,Adrien Brody
4663,Andreea Diaconu
4664,Anne Bancroft
4665,Andy Samberg
4666,Alec Baldwin
4667,Ashton Kutcher
4668,Adele
4669,Alan Rickman
4670,Alexis Thorpe
4671,Ali Larter
4672,Amanda Crew
4673,Adrianne Palicki
4674,Amanda Seyfried
4675,Bill Daley
4676,Albert Brooks
4677,Albert Finney
4678,Beyonce Knowles
4679,Bella Hadid
4680,Anthony Hopkins
4681,Audrey Hepburn
4682,Amanda Seyfried
4683,Adriana Lima
4684,Adele
4685,Alan Arkin
4686,Alexis Thorpe
4687,Bella Hadid
4688,Adam Sandler
4689,Barbra Streisand
4690,Adrianne Palicki
4691,Angelina Jolie
4692,Alan Rickman
4693,Anthony Hopkins
4694,Andrew Lincoln
4695,Berenice Bejo
4696,Alan Rickman
4697,Ben Foster
4698,Bill Murray
4699,Anna Friel
4700,Bill Murray
4701,Adele
4702,Amanda Crew
4703,Adele
4704,Audrey Hepburn
4705,Adriana Lima
4706,Adriana Lima
4707,Al Pacino
4708,Adele
4709,Adele
4710,Anna Kendrick
4711,Abigail Breslin
4712,Adele
4713,Albert Brooks
4714,AnnaSophia Robb
4715,Analeigh Tipton
4716,Betty White
4717,Andie MacDowell
4718,Adam Sandler
4719,Anna Faris
4720,Betty White
4721,Ava Gardner
4722,Bill Rancic
4723,Anthony Hopkins
4724,Berenice Bejo
4725,Analeigh Tipton
4726,Albert Brooks
4727,Bill O Reilly
4728,Andy Samberg
4729,Anthony Mackie
4730,Benedict Cumberbatch
4731,Berenice Bejo
4732,AnnaSophia Robb
4733,Anne Bancroft
4734,Barry Pepper
4735,Ava Gardner
4736,Ben Affleck
4737,Adriana Lima
4738,Alessandra Ambrosio
4739,Analeigh Tipton
4740,Alicia Vikander
4741,Andy Garcia
4742,Adele
4743,Annette Bening
4744,Amy Adams
4745,Andreea Diaconu
4746,Bernie Mac
4747,Adriana Lima
4748,Andrew Lincoln
4749,Andrew Lincoln
4750,Adele
4751,Bernie Mac
4752,Bill Murray
4753,Anna Kendrick
4754,Alx James
4755,Bill Rancic
4756,Bill Paxton
4757,Adele
4758,Anne Baxter
4759,Amanda Seyfried
4760,Alex Pettyfer
4761,Barbra Streisand
4762,Adele
4763,Andreea Diaconu
4764,Abigail Breslin
4765,Anna Paquin
4766,Adele
4767,Adele
4768,Adele
4769,Alan Arkin
4770,Adrien Brody
4771,Anthony Perkins
4772,Bill Daley
4773,Anna Paquin
4774,Adrianne Palicki
4775,Berenice Bejo
4776,Adele
4777,Ben Foster
4778,Andreea Diaconu
4779,Ben Kingsley
4780,Amy Adams
4781,Ava Gardner
4782,Adriana Barraza
4783,Al Roker
4784,Ben Foster
4785,Ali Larter
4786,Alicia Vikander
4787,Amy Ryan
4788,Alan Rickman
4789,Amber Heard
4790,Alexander Skarsgard
4791,Ashley Graham
4792,Alicia Vikander
4793,Barry Pepper
4794,Amanda Crew
4795,Adrien Brody
4796,Benedict Cumberbatch
4797,Adele
4798,Adele
4799,Ali Larter
4800,Bella Hadid
4801,Ben Foster
4802,Amanda Seyfried
4803,Ava Gardner
4804,Anne Hathaway
4805,Alan Alda
4806,Ashley Greene
4807,Alan Arkin
4808,Anna Sui
4809,Audrey Tautou
4810,Andrew Luck
4811,Anna Faris
4812,Bill Hader
4813,Anne Baxter
4814,Ben Johnson
4815,Angela Bassett
4816,Ava Gardner
4817,Bella Hadid
4818,Andy Samberg
4819,Bella Hadid
4820,Barbra Streisand
4821,Anna Friel
4822,Adrianne Palicki
4823,Andy Murray
4824,Adrien Brody
4825,Bella Hadid
4826,Adele
4827,Ben Stiller
4828,Anna Kendrick
4829,Aaron Judge
4830,Albert Finney
4831,Adam Sandler
4832,Alexandra Daddario
4833,bella thorne
4834,Anna Kendrick
4835,Ashley Judd
4836,Akemi Darenogare
4837,Barbra Streisand
4838,Adrien Brody
4839,Amy Ryan
4840,Aaron Paul
4841,Anne Baxter
4842,Bill Pullman
4843,Ben Foster
4844,Alexis Thorpe
4845,Bernie Mac
4846,Anna Friel
4847,Adele
4848,Bill Murray
4849,Andreea Diaconu
4850,Arnold Schwarzenegger
4851,Armin Mueller-Stahl
4852,Benicio Del Toro
4853,Alan Rickman
4854,Adele
4855,Betty White
4856,Alexandra Daddario
4857,Al Roker
4858,Bill Hader
4859,Amber Heard
4860,Alexander Skarsgard
4861,Ben Foster
4862,Adele
4863,Barbra Streisand
4864,Ben Johnson
4865,Bill Paxton
4866,Anna Paquin
4867,Andie MacDowell
4868,Adele
4869,Anne Baxter
4870,Berenice Bejo
4871,Arnold Schwarzenegger
4872,Bella Hadid
4873,Alicia Vikander
4874,Analeigh Tipton
4875,Alicia Vikander
4876,Adriana Lima
4877,Adriana Lima
4878,Adele
4879,Adele
4880,Abigail Breslin
4881,Alex Pettyfer
4882,Alice Eve
4883,Alexander Skarsgard
4884,Amy Adams
4885,Andrew Lincoln
4886,Anne Bancroft
4887,Alexis Thorpe
4888,Adele
4889,Alessandra Ambrosio
4890,Aaron Paul
4891,Amanda Crew
4892,Benicio Del Toro
4893,Andy Garcia
4894,Anna Paquin
4895,Beyonce Knowles
4896,Amanda Bynes
4897,Adele
4898,Amanda Crew
4899,Anthony Mackie
4900,Aaron Paul
4901,Adele
4902,Beyonce Knowles
4903,Al Roker
4904,Bill O Reilly
4905,Adele
4906,Bill Rancic
4907,Al Pacino
4908,Adele
4909,Bella Hadid
4910,Audrey Hepburn
4911,Andrew Luck
4912,Andy Serkis
4913,Ashley Greene
4914,Ben Affleck
4915,Andie MacDowell
4916,Amy Schumer
4917,Amanda Crew
4918,Andrew Luck
4919,Aaron Taylor-Johnson
4920,Betty White
4921,Amy Ryan
4922,Bella Hadid
4923,Adele
4924,Bill O Reilly
4925,Ava Gardner
4926,Alessandra Ambrosio
4927,Audrey Hepburn
4928,Bill O Reilly
4929,Barbra Streisand
4930,Ashton Kutcher
4931,Adriana Barraza
4932,Ben Affleck
4933,Angela Bassett
4934,Benicio Del Toro
4935,Adriana Lima
4936,Albert Finney
4937,Adele
4938,Angelina Jolie
4939,Al Roker
4940,Anne Bancroft
4941,Anna Paquin
4942,Anne Baxter
4943,Ashley Graham
4944,Al Pacino
4945,Ashley Judd
4946,Angela Bassett
4947,Bill Murray
4948,Alexander Skarsgard
4949,Bill Daley
4950,Alan Alda
4951,Bill Daley
4952,Anna Faris
4953,Alec Baldwin
4954,Anjelica Huston
4955,Albert Finney
4956,Alicia Vikander
4957,Alexander Skarsgard
4958,Bill Murray
4959,Amanda Bynes
4960,Anjelica Huston
4961,Beyonce Knowles
4962,Ben Foster
4963,Al Pacino
4964,Anne Bancroft
4965,Adam Sandler
4966,Andrew Lincoln
4967,Art Carney
4968,Aaron Taylor-Johnson
4969,Bill Pullman
4970,Billy Bob Thornton
4971,Adele
4972,Barabara Palvin
4973,Anna Faris
4974,Bill Hader
4975,Amanda Crew
4976,bella thorne
